{
  "version": "2021.1",
  "applications": [],
  "platforms": [
    {
      "name": "NeoPixelV10"
    }
  ],
  "systems": [
    {
      "name": "Led_matrix_V11_cpp_system",
      "platform": "C:/Xilinx/EOS/project_flappy_screem/Flappy_SCREEEM/Project_flappy_screem/Vitis/NeoPixelV10/export/NeoPixelV10/NeoPixelV10.xpfm",
      "sysConfig": "NeoPixelV10",
      "buildConfig": "Debug",
      "applications": [
        {
          "name": "Led_matrix_V11_cpp",
          "platform": "C:/Xilinx/EOS/project_flappy_screem/Flappy_SCREEEM/Project_flappy_screem/Vitis/NeoPixelV10/export/NeoPixelV10/NeoPixelV10.xpfm",
          "platformPath": "C:\\Users\\xander\\Documents\\Git\\ExamenXander\\NeoPixelV10\\export\\NeoPixelV10",
          "sysConfig": "NeoPixelV10",
          "domain": "freertos10_xilinx_domain",
          "system": "Led_matrix_V11_cpp_system"
        }
      ],
      "platformPath": "C:\\Users\\xander\\Documents\\Git\\ExamenXander\\NeoPixelV10\\export\\NeoPixelV10"
    }
  ],
  "others": []
}