<?xml version="1.0" encoding="UTF-8"?>
<spirit:component xmlns:xilinx="http://www.xilinx.com" xmlns:spirit="http://www.spiritconsortium.org/XMLSchema/SPIRIT/1685-2009" xmlns:xsi="http://www.w3.org/2001/XMLSchema-instance">
  <spirit:vendor>xilinx.com</spirit:vendor>
  <spirit:library>user</spirit:library>
  <spirit:name>NeopixelDriver</spirit:name>
  <spirit:version>1.0</spirit:version>
  <spirit:busInterfaces>
    <spirit:busInterface>
      <spirit:name>S00_AXI</spirit:name>
      <spirit:busType spirit:vendor="xilinx.com" spirit:library="interface" spirit:name="aximm" spirit:version="1.0"/>
      <spirit:abstractionType spirit:vendor="xilinx.com" spirit:library="interface" spirit:name="aximm_rtl" spirit:version="1.0"/>
      <spirit:slave>
        <spirit:memoryMapRef spirit:memoryMapRef="S00_AXI"/>
      </spirit:slave>
      <spirit:portMaps>
        <spirit:portMap>
          <spirit:logicalPort>
            <spirit:name>AWADDR</spirit:name>
          </spirit:logicalPort>
          <spirit:physicalPort>
            <spirit:name>s00_axi_awaddr</spirit:name>
          </spirit:physicalPort>
        </spirit:portMap>
        <spirit:portMap>
          <spirit:logicalPort>
            <spirit:name>AWPROT</spirit:name>
          </spirit:logicalPort>
          <spirit:physicalPort>
            <spirit:name>s00_axi_awprot</spirit:name>
          </spirit:physicalPort>
        </spirit:portMap>
        <spirit:portMap>
          <spirit:logicalPort>
            <spirit:name>AWVALID</spirit:name>
          </spirit:logicalPort>
          <spirit:physicalPort>
            <spirit:name>s00_axi_awvalid</spirit:name>
          </spirit:physicalPort>
        </spirit:portMap>
        <spirit:portMap>
          <spirit:logicalPort>
            <spirit:name>AWREADY</spirit:name>
          </spirit:logicalPort>
          <spirit:physicalPort>
            <spirit:name>s00_axi_awready</spirit:name>
          </spirit:physicalPort>
        </spirit:portMap>
        <spirit:portMap>
          <spirit:logicalPort>
            <spirit:name>WDATA</spirit:name>
          </spirit:logicalPort>
          <spirit:physicalPort>
            <spirit:name>s00_axi_wdata</spirit:name>
          </spirit:physicalPort>
        </spirit:portMap>
        <spirit:portMap>
          <spirit:logicalPort>
            <spirit:name>WSTRB</spirit:name>
          </spirit:logicalPort>
          <spirit:physicalPort>
            <spirit:name>s00_axi_wstrb</spirit:name>
          </spirit:physicalPort>
        </spirit:portMap>
        <spirit:portMap>
          <spirit:logicalPort>
            <spirit:name>WVALID</spirit:name>
          </spirit:logicalPort>
          <spirit:physicalPort>
            <spirit:name>s00_axi_wvalid</spirit:name>
          </spirit:physicalPort>
        </spirit:portMap>
        <spirit:portMap>
          <spirit:logicalPort>
            <spirit:name>WREADY</spirit:name>
          </spirit:logicalPort>
          <spirit:physicalPort>
            <spirit:name>s00_axi_wready</spirit:name>
          </spirit:physicalPort>
        </spirit:portMap>
        <spirit:portMap>
          <spirit:logicalPort>
            <spirit:name>BRESP</spirit:name>
          </spirit:logicalPort>
          <spirit:physicalPort>
            <spirit:name>s00_axi_bresp</spirit:name>
          </spirit:physicalPort>
        </spirit:portMap>
        <spirit:portMap>
          <spirit:logicalPort>
            <spirit:name>BVALID</spirit:name>
          </spirit:logicalPort>
          <spirit:physicalPort>
            <spirit:name>s00_axi_bvalid</spirit:name>
          </spirit:physicalPort>
        </spirit:portMap>
        <spirit:portMap>
          <spirit:logicalPort>
            <spirit:name>BREADY</spirit:name>
          </spirit:logicalPort>
          <spirit:physicalPort>
            <spirit:name>s00_axi_bready</spirit:name>
          </spirit:physicalPort>
        </spirit:portMap>
        <spirit:portMap>
          <spirit:logicalPort>
            <spirit:name>ARADDR</spirit:name>
          </spirit:logicalPort>
          <spirit:physicalPort>
            <spirit:name>s00_axi_araddr</spirit:name>
          </spirit:physicalPort>
        </spirit:portMap>
        <spirit:portMap>
          <spirit:logicalPort>
            <spirit:name>ARPROT</spirit:name>
          </spirit:logicalPort>
          <spirit:physicalPort>
            <spirit:name>s00_axi_arprot</spirit:name>
          </spirit:physicalPort>
        </spirit:portMap>
        <spirit:portMap>
          <spirit:logicalPort>
            <spirit:name>ARVALID</spirit:name>
          </spirit:logicalPort>
          <spirit:physicalPort>
            <spirit:name>s00_axi_arvalid</spirit:name>
          </spirit:physicalPort>
        </spirit:portMap>
        <spirit:portMap>
          <spirit:logicalPort>
            <spirit:name>ARREADY</spirit:name>
          </spirit:logicalPort>
          <spirit:physicalPort>
            <spirit:name>s00_axi_arready</spirit:name>
          </spirit:physicalPort>
        </spirit:portMap>
        <spirit:portMap>
          <spirit:logicalPort>
            <spirit:name>RDATA</spirit:name>
          </spirit:logicalPort>
          <spirit:physicalPort>
            <spirit:name>s00_axi_rdata</spirit:name>
          </spirit:physicalPort>
        </spirit:portMap>
        <spirit:portMap>
          <spirit:logicalPort>
            <spirit:name>RRESP</spirit:name>
          </spirit:logicalPort>
          <spirit:physicalPort>
            <spirit:name>s00_axi_rresp</spirit:name>
          </spirit:physicalPort>
        </spirit:portMap>
        <spirit:portMap>
          <spirit:logicalPort>
            <spirit:name>RVALID</spirit:name>
          </spirit:logicalPort>
          <spirit:physicalPort>
            <spirit:name>s00_axi_rvalid</spirit:name>
          </spirit:physicalPort>
        </spirit:portMap>
        <spirit:portMap>
          <spirit:logicalPort>
            <spirit:name>RREADY</spirit:name>
          </spirit:logicalPort>
          <spirit:physicalPort>
            <spirit:name>s00_axi_rready</spirit:name>
          </spirit:physicalPort>
        </spirit:portMap>
      </spirit:portMaps>
      <spirit:parameters>
        <spirit:parameter>
          <spirit:name>WIZ_DATA_WIDTH</spirit:name>
          <spirit:value spirit:format="long" spirit:id="BUSIFPARAM_VALUE.S00_AXI.WIZ_DATA_WIDTH" spirit:choiceRef="choice_list_6fc15197">32</spirit:value>
        </spirit:parameter>
        <spirit:parameter>
          <spirit:name>WIZ_NUM_REG</spirit:name>
          <spirit:value spirit:format="long" spirit:id="BUSIFPARAM_VALUE.S00_AXI.WIZ_NUM_REG" spirit:minimum="4" spirit:maximum="512" spirit:rangeType="long">4</spirit:value>
        </spirit:parameter>
        <spirit:parameter>
          <spirit:name>SUPPORTS_NARROW_BURST</spirit:name>
          <spirit:value spirit:format="long" spirit:id="BUSIFPARAM_VALUE.S00_AXI.SUPPORTS_NARROW_BURST" spirit:choiceRef="choice_pairs_ce1226b1">0</spirit:value>
        </spirit:parameter>
      </spirit:parameters>
    </spirit:busInterface>
    <spirit:busInterface>
      <spirit:name>S00_AXI_RST</spirit:name>
      <spirit:busType spirit:vendor="xilinx.com" spirit:library="signal" spirit:name="reset" spirit:version="1.0"/>
      <spirit:abstractionType spirit:vendor="xilinx.com" spirit:library="signal" spirit:name="reset_rtl" spirit:version="1.0"/>
      <spirit:slave/>
      <spirit:portMaps>
        <spirit:portMap>
          <spirit:logicalPort>
            <spirit:name>RST</spirit:name>
          </spirit:logicalPort>
          <spirit:physicalPort>
            <spirit:name>s00_axi_aresetn</spirit:name>
          </spirit:physicalPort>
        </spirit:portMap>
      </spirit:portMaps>
      <spirit:parameters>
        <spirit:parameter>
          <spirit:name>POLARITY</spirit:name>
          <spirit:value spirit:id="BUSIFPARAM_VALUE.S00_AXI_RST.POLARITY" spirit:choiceRef="choice_list_9d8b0d81">ACTIVE_LOW</spirit:value>
        </spirit:parameter>
      </spirit:parameters>
    </spirit:busInterface>
    <spirit:busInterface>
      <spirit:name>S00_AXI_CLK</spirit:name>
      <spirit:busType spirit:vendor="xilinx.com" spirit:library="signal" spirit:name="clock" spirit:version="1.0"/>
      <spirit:abstractionType spirit:vendor="xilinx.com" spirit:library="signal" spirit:name="clock_rtl" spirit:version="1.0"/>
      <spirit:slave/>
      <spirit:portMaps>
        <spirit:portMap>
          <spirit:logicalPort>
            <spirit:name>CLK</spirit:name>
          </spirit:logicalPort>
          <spirit:physicalPort>
            <spirit:name>s00_axi_aclk</spirit:name>
          </spirit:physicalPort>
        </spirit:portMap>
      </spirit:portMaps>
      <spirit:parameters>
        <spirit:parameter>
          <spirit:name>ASSOCIATED_BUSIF</spirit:name>
          <spirit:value spirit:id="BUSIFPARAM_VALUE.S00_AXI_CLK.ASSOCIATED_BUSIF">S00_AXI</spirit:value>
        </spirit:parameter>
        <spirit:parameter>
          <spirit:name>ASSOCIATED_RESET</spirit:name>
          <spirit:value spirit:id="BUSIFPARAM_VALUE.S00_AXI_CLK.ASSOCIATED_RESET">s00_axi_aresetn</spirit:value>
        </spirit:parameter>
      </spirit:parameters>
    </spirit:busInterface>
  </spirit:busInterfaces>
  <spirit:memoryMaps>
    <spirit:memoryMap>
      <spirit:name>S00_AXI</spirit:name>
      <spirit:addressBlock>
        <spirit:name>S00_AXI_reg</spirit:name>
        <spirit:baseAddress spirit:format="long" spirit:resolve="user">0</spirit:baseAddress>
        <spirit:range spirit:format="long">4096</spirit:range>
        <spirit:width spirit:format="long">32</spirit:width>
        <spirit:usage>register</spirit:usage>
        <spirit:parameters>
          <spirit:parameter>
            <spirit:name>OFFSET_BASE_PARAM</spirit:name>
            <spirit:value spirit:id="ADDRBLOCKPARAM_VALUE.S00_AXI.S00_AXI_REG.OFFSET_BASE_PARAM">C_S00_AXI_BASEADDR</spirit:value>
          </spirit:parameter>
          <spirit:parameter>
            <spirit:name>OFFSET_HIGH_PARAM</spirit:name>
            <spirit:value spirit:id="ADDRBLOCKPARAM_VALUE.S00_AXI.S00_AXI_REG.OFFSET_HIGH_PARAM">C_S00_AXI_HIGHADDR</spirit:value>
          </spirit:parameter>
        </spirit:parameters>
      </spirit:addressBlock>
    </spirit:memoryMap>
  </spirit:memoryMaps>
  <spirit:model>
    <spirit:views>
      <spirit:view>
        <spirit:name>xilinx_vhdlsynthesis</spirit:name>
        <spirit:displayName>VHDL Synthesis</spirit:displayName>
        <spirit:envIdentifier>vhdlSource:vivado.xilinx.com:synthesis</spirit:envIdentifier>
        <spirit:language>vhdl</spirit:language>
        <spirit:modelName>NeopixelDriver_v1_0</spirit:modelName>
        <spirit:fileSetRef>
          <spirit:localName>xilinx_vhdlsynthesis_view_fileset</spirit:localName>
        </spirit:fileSetRef>
        <spirit:parameters>
          <spirit:parameter>
            <spirit:name>viewChecksum</spirit:name>
            <spirit:value>a59f8b4b</spirit:value>
          </spirit:parameter>
        </spirit:parameters>
      </spirit:view>
      <spirit:view>
        <spirit:name>xilinx_vhdlbehavioralsimulation</spirit:name>
        <spirit:displayName>VHDL Simulation</spirit:displayName>
        <spirit:envIdentifier>vhdlSource:vivado.xilinx.com:simulation</spirit:envIdentifier>
        <spirit:language>vhdl</spirit:language>
        <spirit:modelName>NeopixelDriver_v1_0</spirit:modelName>
        <spirit:fileSetRef>
          <spirit:localName>xilinx_vhdlbehavioralsimulation_view_fileset</spirit:localName>
        </spirit:fileSetRef>
        <spirit:parameters>
          <spirit:parameter>
            <spirit:name>viewChecksum</spirit:name>
            <spirit:value>a59f8b4b</spirit:value>
          </spirit:parameter>
        </spirit:parameters>
      </spirit:view>
      <spirit:view>
        <spirit:name>xilinx_softwaredriver</spirit:name>
        <spirit:displayName>Software Driver</spirit:displayName>
        <spirit:envIdentifier>:vivado.xilinx.com:sw.driver</spirit:envIdentifier>
        <spirit:fileSetRef>
          <spirit:localName>xilinx_softwaredriver_view_fileset</spirit:localName>
        </spirit:fileSetRef>
        <spirit:parameters>
          <spirit:parameter>
            <spirit:name>viewChecksum</spirit:name>
            <spirit:value>0f3a2599</spirit:value>
          </spirit:parameter>
        </spirit:parameters>
      </spirit:view>
      <spirit:view>
        <spirit:name>xilinx_xpgui</spirit:name>
        <spirit:displayName>UI Layout</spirit:displayName>
        <spirit:envIdentifier>:vivado.xilinx.com:xgui.ui</spirit:envIdentifier>
        <spirit:fileSetRef>
          <spirit:localName>xilinx_xpgui_view_fileset</spirit:localName>
        </spirit:fileSetRef>
        <spirit:parameters>
          <spirit:parameter>
            <spirit:name>viewChecksum</spirit:name>
            <spirit:value>0e5443b4</spirit:value>
          </spirit:parameter>
        </spirit:parameters>
      </spirit:view>
      <spirit:view>
        <spirit:name>bd_tcl</spirit:name>
        <spirit:displayName>Block Diagram</spirit:displayName>
        <spirit:envIdentifier>:vivado.xilinx.com:block.diagram</spirit:envIdentifier>
        <spirit:fileSetRef>
          <spirit:localName>bd_tcl_view_fileset</spirit:localName>
        </spirit:fileSetRef>
        <spirit:parameters>
          <spirit:parameter>
            <spirit:name>viewChecksum</spirit:name>
            <spirit:value>16328387</spirit:value>
          </spirit:parameter>
        </spirit:parameters>
      </spirit:view>
    </spirit:views>
    <spirit:ports>
      <spirit:port>
        <spirit:name>InClock</spirit:name>
        <spirit:wire>
          <spirit:direction>in</spirit:direction>
          <spirit:wireTypeDefs>
            <spirit:wireTypeDef>
              <spirit:typeName>STD_LOGIC</spirit:typeName>
              <spirit:viewNameRef>xilinx_vhdlsynthesis</spirit:viewNameRef>
              <spirit:viewNameRef>xilinx_vhdlbehavioralsimulation</spirit:viewNameRef>
            </spirit:wireTypeDef>
          </spirit:wireTypeDefs>
        </spirit:wire>
      </spirit:port>
      <spirit:port>
        <spirit:name>D_out</spirit:name>
        <spirit:wire>
          <spirit:direction>out</spirit:direction>
          <spirit:wireTypeDefs>
            <spirit:wireTypeDef>
              <spirit:typeName>STD_LOGIC</spirit:typeName>
              <spirit:viewNameRef>xilinx_vhdlsynthesis</spirit:viewNameRef>
              <spirit:viewNameRef>xilinx_vhdlbehavioralsimulation</spirit:viewNameRef>
            </spirit:wireTypeDef>
          </spirit:wireTypeDefs>
        </spirit:wire>
      </spirit:port>
      <spirit:port>
        <spirit:name>addrb</spirit:name>
        <spirit:wire>
          <spirit:direction>out</spirit:direction>
          <spirit:vector>
            <spirit:left spirit:format="long">31</spirit:left>
            <spirit:right spirit:format="long">0</spirit:right>
          </spirit:vector>
          <spirit:wireTypeDefs>
            <spirit:wireTypeDef>
              <spirit:typeName>STD_LOGIC_VECTOR</spirit:typeName>
              <spirit:viewNameRef>xilinx_vhdlsynthesis</spirit:viewNameRef>
              <spirit:viewNameRef>xilinx_vhdlbehavioralsimulation</spirit:viewNameRef>
            </spirit:wireTypeDef>
          </spirit:wireTypeDefs>
        </spirit:wire>
      </spirit:port>
      <spirit:port>
        <spirit:name>doutb</spirit:name>
        <spirit:wire>
          <spirit:direction>in</spirit:direction>
          <spirit:vector>
            <spirit:left spirit:format="long">31</spirit:left>
            <spirit:right spirit:format="long">0</spirit:right>
          </spirit:vector>
          <spirit:wireTypeDefs>
            <spirit:wireTypeDef>
              <spirit:typeName>STD_LOGIC_VECTOR</spirit:typeName>
              <spirit:viewNameRef>xilinx_vhdlsynthesis</spirit:viewNameRef>
              <spirit:viewNameRef>xilinx_vhdlbehavioralsimulation</spirit:viewNameRef>
            </spirit:wireTypeDef>
          </spirit:wireTypeDefs>
        </spirit:wire>
      </spirit:port>
      <spirit:port>
        <spirit:name>dinb</spirit:name>
        <spirit:wire>
          <spirit:direction>out</spirit:direction>
          <spirit:vector>
            <spirit:left spirit:format="long">31</spirit:left>
            <spirit:right spirit:format="long">0</spirit:right>
          </spirit:vector>
          <spirit:wireTypeDefs>
            <spirit:wireTypeDef>
              <spirit:typeName>STD_LOGIC_VECTOR</spirit:typeName>
              <spirit:viewNameRef>xilinx_vhdlsynthesis</spirit:viewNameRef>
              <spirit:viewNameRef>xilinx_vhdlbehavioralsimulation</spirit:viewNameRef>
            </spirit:wireTypeDef>
          </spirit:wireTypeDefs>
        </spirit:wire>
      </spirit:port>
      <spirit:port>
        <spirit:name>enb</spirit:name>
        <spirit:wire>
          <spirit:direction>out</spirit:direction>
          <spirit:wireTypeDefs>
            <spirit:wireTypeDef>
              <spirit:typeName>STD_LOGIC</spirit:typeName>
              <spirit:viewNameRef>xilinx_vhdlsynthesis</spirit:viewNameRef>
              <spirit:viewNameRef>xilinx_vhdlbehavioralsimulation</spirit:viewNameRef>
            </spirit:wireTypeDef>
          </spirit:wireTypeDefs>
        </spirit:wire>
      </spirit:port>
      <spirit:port>
        <spirit:name>rstb</spirit:name>
        <spirit:wire>
          <spirit:direction>out</spirit:direction>
          <spirit:wireTypeDefs>
            <spirit:wireTypeDef>
              <spirit:typeName>STD_LOGIC</spirit:typeName>
              <spirit:viewNameRef>xilinx_vhdlsynthesis</spirit:viewNameRef>
              <spirit:viewNameRef>xilinx_vhdlbehavioralsimulation</spirit:viewNameRef>
            </spirit:wireTypeDef>
          </spirit:wireTypeDefs>
        </spirit:wire>
      </spirit:port>
      <spirit:port>
        <spirit:name>web</spirit:name>
        <spirit:wire>
          <spirit:direction>out</spirit:direction>
          <spirit:vector>
            <spirit:left spirit:format="long">3</spirit:left>
            <spirit:right spirit:format="long">0</spirit:right>
          </spirit:vector>
          <spirit:wireTypeDefs>
            <spirit:wireTypeDef>
              <spirit:typeName>STD_LOGIC_VECTOR</spirit:typeName>
              <spirit:viewNameRef>xilinx_vhdlsynthesis</spirit:viewNameRef>
              <spirit:viewNameRef>xilinx_vhdlbehavioralsimulation</spirit:viewNameRef>
            </spirit:wireTypeDef>
          </spirit:wireTypeDefs>
        </spirit:wire>
      </spirit:port>
      <spirit:port>
        <spirit:name>enLed</spirit:name>
        <spirit:wire>
          <spirit:direction>out</spirit:direction>
          <spirit:wireTypeDefs>
            <spirit:wireTypeDef>
              <spirit:typeName>std_logic</spirit:typeName>
              <spirit:viewNameRef>xilinx_vhdlsynthesis</spirit:viewNameRef>
              <spirit:viewNameRef>xilinx_vhdlbehavioralsimulation</spirit:viewNameRef>
            </spirit:wireTypeDef>
          </spirit:wireTypeDefs>
        </spirit:wire>
      </spirit:port>
      <spirit:port>
        <spirit:name>s00_axi_aclk</spirit:name>
        <spirit:wire>
          <spirit:direction>in</spirit:direction>
          <spirit:wireTypeDefs>
            <spirit:wireTypeDef>
              <spirit:typeName>std_logic</spirit:typeName>
              <spirit:viewNameRef>xilinx_vhdlsynthesis</spirit:viewNameRef>
              <spirit:viewNameRef>xilinx_vhdlbehavioralsimulation</spirit:viewNameRef>
            </spirit:wireTypeDef>
          </spirit:wireTypeDefs>
        </spirit:wire>
      </spirit:port>
      <spirit:port>
        <spirit:name>s00_axi_aresetn</spirit:name>
        <spirit:wire>
          <spirit:direction>in</spirit:direction>
          <spirit:wireTypeDefs>
            <spirit:wireTypeDef>
              <spirit:typeName>std_logic</spirit:typeName>
              <spirit:viewNameRef>xilinx_vhdlsynthesis</spirit:viewNameRef>
              <spirit:viewNameRef>xilinx_vhdlbehavioralsimulation</spirit:viewNameRef>
            </spirit:wireTypeDef>
          </spirit:wireTypeDefs>
        </spirit:wire>
      </spirit:port>
      <spirit:port>
        <spirit:name>s00_axi_awaddr</spirit:name>
        <spirit:wire>
          <spirit:direction>in</spirit:direction>
          <spirit:vector>
            <spirit:left spirit:format="long" spirit:resolve="dependent" spirit:dependency="(spirit:decode(id(&apos;MODELPARAM_VALUE.C_S00_AXI_ADDR_WIDTH&apos;)) - 1)">3</spirit:left>
            <spirit:right spirit:format="long">0</spirit:right>
          </spirit:vector>
          <spirit:wireTypeDefs>
            <spirit:wireTypeDef>
              <spirit:typeName>std_logic_vector</spirit:typeName>
              <spirit:viewNameRef>xilinx_vhdlsynthesis</spirit:viewNameRef>
              <spirit:viewNameRef>xilinx_vhdlbehavioralsimulation</spirit:viewNameRef>
            </spirit:wireTypeDef>
          </spirit:wireTypeDefs>
        </spirit:wire>
      </spirit:port>
      <spirit:port>
        <spirit:name>s00_axi_awprot</spirit:name>
        <spirit:wire>
          <spirit:direction>in</spirit:direction>
          <spirit:vector>
            <spirit:left spirit:format="long">2</spirit:left>
            <spirit:right spirit:format="long">0</spirit:right>
          </spirit:vector>
          <spirit:wireTypeDefs>
            <spirit:wireTypeDef>
              <spirit:typeName>std_logic_vector</spirit:typeName>
              <spirit:viewNameRef>xilinx_vhdlsynthesis</spirit:viewNameRef>
              <spirit:viewNameRef>xilinx_vhdlbehavioralsimulation</spirit:viewNameRef>
            </spirit:wireTypeDef>
          </spirit:wireTypeDefs>
        </spirit:wire>
      </spirit:port>
      <spirit:port>
        <spirit:name>s00_axi_awvalid</spirit:name>
        <spirit:wire>
          <spirit:direction>in</spirit:direction>
          <spirit:wireTypeDefs>
            <spirit:wireTypeDef>
              <spirit:typeName>std_logic</spirit:typeName>
              <spirit:viewNameRef>xilinx_vhdlsynthesis</spirit:viewNameRef>
              <spirit:viewNameRef>xilinx_vhdlbehavioralsimulation</spirit:viewNameRef>
            </spirit:wireTypeDef>
          </spirit:wireTypeDefs>
        </spirit:wire>
      </spirit:port>
      <spirit:port>
        <spirit:name>s00_axi_awready</spirit:name>
        <spirit:wire>
          <spirit:direction>out</spirit:direction>
          <spirit:wireTypeDefs>
            <spirit:wireTypeDef>
              <spirit:typeName>std_logic</spirit:typeName>
              <spirit:viewNameRef>xilinx_vhdlsynthesis</spirit:viewNameRef>
              <spirit:viewNameRef>xilinx_vhdlbehavioralsimulation</spirit:viewNameRef>
            </spirit:wireTypeDef>
          </spirit:wireTypeDefs>
        </spirit:wire>
      </spirit:port>
      <spirit:port>
        <spirit:name>s00_axi_wdata</spirit:name>
        <spirit:wire>
          <spirit:direction>in</spirit:direction>
          <spirit:vector>
            <spirit:left spirit:format="long" spirit:resolve="dependent" spirit:dependency="(spirit:decode(id(&apos;MODELPARAM_VALUE.C_S00_AXI_DATA_WIDTH&apos;)) - 1)">31</spirit:left>
            <spirit:right spirit:format="long">0</spirit:right>
          </spirit:vector>
          <spirit:wireTypeDefs>
            <spirit:wireTypeDef>
              <spirit:typeName>std_logic_vector</spirit:typeName>
              <spirit:viewNameRef>xilinx_vhdlsynthesis</spirit:viewNameRef>
              <spirit:viewNameRef>xilinx_vhdlbehavioralsimulation</spirit:viewNameRef>
            </spirit:wireTypeDef>
          </spirit:wireTypeDefs>
        </spirit:wire>
      </spirit:port>
      <spirit:port>
        <spirit:name>s00_axi_wstrb</spirit:name>
        <spirit:wire>
          <spirit:direction>in</spirit:direction>
          <spirit:vector>
            <spirit:left spirit:format="long" spirit:resolve="dependent" spirit:dependency="((spirit:decode(id(&apos;MODELPARAM_VALUE.C_S00_AXI_DATA_WIDTH&apos;)) / 8) - 1)">3</spirit:left>
            <spirit:right spirit:format="long">0</spirit:right>
          </spirit:vector>
          <spirit:wireTypeDefs>
            <spirit:wireTypeDef>
              <spirit:typeName>std_logic_vector</spirit:typeName>
              <spirit:viewNameRef>xilinx_vhdlsynthesis</spirit:viewNameRef>
              <spirit:viewNameRef>xilinx_vhdlbehavioralsimulation</spirit:viewNameRef>
            </spirit:wireTypeDef>
          </spirit:wireTypeDefs>
        </spirit:wire>
      </spirit:port>
      <spirit:port>
        <spirit:name>s00_axi_wvalid</spirit:name>
        <spirit:wire>
          <spirit:direction>in</spirit:direction>
          <spirit:wireTypeDefs>
            <spirit:wireTypeDef>
              <spirit:typeName>std_logic</spirit:typeName>
              <spirit:viewNameRef>xilinx_vhdlsynthesis</spirit:viewNameRef>
              <spirit:viewNameRef>xilinx_vhdlbehavioralsimulation</spirit:viewNameRef>
            </spirit:wireTypeDef>
          </spirit:wireTypeDefs>
        </spirit:wire>
      </spirit:port>
      <spirit:port>
        <spirit:name>s00_axi_wready</spirit:name>
        <spirit:wire>
          <spirit:direction>out</spirit:direction>
          <spirit:wireTypeDefs>
            <spirit:wireTypeDef>
              <spirit:typeName>std_logic</spirit:typeName>
              <spirit:viewNameRef>xilinx_vhdlsynthesis</spirit:viewNameRef>
              <spirit:viewNameRef>xilinx_vhdlbehavioralsimulation</spirit:viewNameRef>
            </spirit:wireTypeDef>
          </spirit:wireTypeDefs>
        </spirit:wire>
      </spirit:port>
      <spirit:port>
        <spirit:name>s00_axi_bresp</spirit:name>
        <spirit:wire>
          <spirit:direction>out</spirit:direction>
          <spirit:vector>
            <spirit:left spirit:format="long">1</spirit:left>
            <spirit:right spirit:format="long">0</spirit:right>
          </spirit:vector>
          <spirit:wireTypeDefs>
            <spirit:wireTypeDef>
              <spirit:typeName>std_logic_vector</spirit:typeName>
              <spirit:viewNameRef>xilinx_vhdlsynthesis</spirit:viewNameRef>
              <spirit:viewNameRef>xilinx_vhdlbehavioralsimulation</spirit:viewNameRef>
            </spirit:wireTypeDef>
          </spirit:wireTypeDefs>
        </spirit:wire>
      </spirit:port>
      <spirit:port>
        <spirit:name>s00_axi_bvalid</spirit:name>
        <spirit:wire>
          <spirit:direction>out</spirit:direction>
          <spirit:wireTypeDefs>
            <spirit:wireTypeDef>
              <spirit:typeName>std_logic</spirit:typeName>
              <spirit:viewNameRef>xilinx_vhdlsynthesis</spirit:viewNameRef>
              <spirit:viewNameRef>xilinx_vhdlbehavioralsimulation</spirit:viewNameRef>
            </spirit:wireTypeDef>
          </spirit:wireTypeDefs>
        </spirit:wire>
      </spirit:port>
      <spirit:port>
        <spirit:name>s00_axi_bready</spirit:name>
        <spirit:wire>
          <spirit:direction>in</spirit:direction>
          <spirit:wireTypeDefs>
            <spirit:wireTypeDef>
              <spirit:typeName>std_logic</spirit:typeName>
              <spirit:viewNameRef>xilinx_vhdlsynthesis</spirit:viewNameRef>
              <spirit:viewNameRef>xilinx_vhdlbehavioralsimulation</spirit:viewNameRef>
            </spirit:wireTypeDef>
          </spirit:wireTypeDefs>
        </spirit:wire>
      </spirit:port>
      <spirit:port>
        <spirit:name>s00_axi_araddr</spirit:name>
        <spirit:wire>
          <spirit:direction>in</spirit:direction>
          <spirit:vector>
            <spirit:left spirit:format="long" spirit:resolve="dependent" spirit:dependency="(spirit:decode(id(&apos;MODELPARAM_VALUE.C_S00_AXI_ADDR_WIDTH&apos;)) - 1)">3</spirit:left>
            <spirit:right spirit:format="long">0</spirit:right>
          </spirit:vector>
          <spirit:wireTypeDefs>
            <spirit:wireTypeDef>
              <spirit:typeName>std_logic_vector</spirit:typeName>
              <spirit:viewNameRef>xilinx_vhdlsynthesis</spirit:viewNameRef>
              <spirit:viewNameRef>xilinx_vhdlbehavioralsimulation</spirit:viewNameRef>
            </spirit:wireTypeDef>
          </spirit:wireTypeDefs>
        </spirit:wire>
      </spirit:port>
      <spirit:port>
        <spirit:name>s00_axi_arprot</spirit:name>
        <spirit:wire>
          <spirit:direction>in</spirit:direction>
          <spirit:vector>
            <spirit:left spirit:format="long">2</spirit:left>
            <spirit:right spirit:format="long">0</spirit:right>
          </spirit:vector>
          <spirit:wireTypeDefs>
            <spirit:wireTypeDef>
              <spirit:typeName>std_logic_vector</spirit:typeName>
              <spirit:viewNameRef>xilinx_vhdlsynthesis</spirit:viewNameRef>
              <spirit:viewNameRef>xilinx_vhdlbehavioralsimulation</spirit:viewNameRef>
            </spirit:wireTypeDef>
          </spirit:wireTypeDefs>
        </spirit:wire>
      </spirit:port>
      <spirit:port>
        <spirit:name>s00_axi_arvalid</spirit:name>
        <spirit:wire>
          <spirit:direction>in</spirit:direction>
          <spirit:wireTypeDefs>
            <spirit:wireTypeDef>
              <spirit:typeName>std_logic</spirit:typeName>
              <spirit:viewNameRef>xilinx_vhdlsynthesis</spirit:viewNameRef>
              <spirit:viewNameRef>xilinx_vhdlbehavioralsimulation</spirit:viewNameRef>
            </spirit:wireTypeDef>
          </spirit:wireTypeDefs>
        </spirit:wire>
      </spirit:port>
      <spirit:port>
        <spirit:name>s00_axi_arready</spirit:name>
        <spirit:wire>
          <spirit:direction>out</spirit:direction>
          <spirit:wireTypeDefs>
            <spirit:wireTypeDef>
              <spirit:typeName>std_logic</spirit:typeName>
              <spirit:viewNameRef>xilinx_vhdlsynthesis</spirit:viewNameRef>
              <spirit:viewNameRef>xilinx_vhdlbehavioralsimulation</spirit:viewNameRef>
            </spirit:wireTypeDef>
          </spirit:wireTypeDefs>
        </spirit:wire>
      </spirit:port>
      <spirit:port>
        <spirit:name>s00_axi_rdata</spirit:name>
        <spirit:wire>
          <spirit:direction>out</spirit:direction>
          <spirit:vector>
            <spirit:left spirit:format="long" spirit:resolve="dependent" spirit:dependency="(spirit:decode(id(&apos;MODELPARAM_VALUE.C_S00_AXI_DATA_WIDTH&apos;)) - 1)">31</spirit:left>
            <spirit:right spirit:format="long">0</spirit:right>
          </spirit:vector>
          <spirit:wireTypeDefs>
            <spirit:wireTypeDef>
              <spirit:typeName>std_logic_vector</spirit:typeName>
              <spirit:viewNameRef>xilinx_vhdlsynthesis</spirit:viewNameRef>
              <spirit:viewNameRef>xilinx_vhdlbehavioralsimulation</spirit:viewNameRef>
            </spirit:wireTypeDef>
          </spirit:wireTypeDefs>
        </spirit:wire>
      </spirit:port>
      <spirit:port>
        <spirit:name>s00_axi_rresp</spirit:name>
        <spirit:wire>
          <spirit:direction>out</spirit:direction>
          <spirit:vector>
            <spirit:left spirit:format="long">1</spirit:left>
            <spirit:right spirit:format="long">0</spirit:right>
          </spirit:vector>
          <spirit:wireTypeDefs>
            <spirit:wireTypeDef>
              <spirit:typeName>std_logic_vector</spirit:typeName>
              <spirit:viewNameRef>xilinx_vhdlsynthesis</spirit:viewNameRef>
              <spirit:viewNameRef>xilinx_vhdlbehavioralsimulation</spirit:viewNameRef>
            </spirit:wireTypeDef>
          </spirit:wireTypeDefs>
        </spirit:wire>
      </spirit:port>
      <spirit:port>
        <spirit:name>s00_axi_rvalid</spirit:name>
        <spirit:wire>
          <spirit:direction>out</spirit:direction>
          <spirit:wireTypeDefs>
            <spirit:wireTypeDef>
              <spirit:typeName>std_logic</spirit:typeName>
              <spirit:viewNameRef>xilinx_vhdlsynthesis</spirit:viewNameRef>
              <spirit:viewNameRef>xilinx_vhdlbehavioralsimulation</spirit:viewNameRef>
            </spirit:wireTypeDef>
          </spirit:wireTypeDefs>
        </spirit:wire>
      </spirit:port>
      <spirit:port>
        <spirit:name>s00_axi_rready</spirit:name>
        <spirit:wire>
          <spirit:direction>in</spirit:direction>
          <spirit:wireTypeDefs>
            <spirit:wireTypeDef>
              <spirit:typeName>std_logic</spirit:typeName>
              <spirit:viewNameRef>xilinx_vhdlsynthesis</spirit:viewNameRef>
              <spirit:viewNameRef>xilinx_vhdlbehavioralsimulation</spirit:viewNameRef>
            </spirit:wireTypeDef>
          </spirit:wireTypeDefs>
        </spirit:wire>
      </spirit:port>
    </spirit:ports>
    <spirit:modelParameters>
      <spirit:modelParameter xsi:type="spirit:nameValueTypeType" spirit:dataType="integer">
        <spirit:name>C_S00_AXI_DATA_WIDTH</spirit:name>
        <spirit:displayName>C S00 AXI DATA WIDTH</spirit:displayName>
        <spirit:description>Width of S_AXI data bus</spirit:description>
        <spirit:value spirit:format="long" spirit:resolve="generated" spirit:id="MODELPARAM_VALUE.C_S00_AXI_DATA_WIDTH" spirit:order="3" spirit:rangeType="long">32</spirit:value>
      </spirit:modelParameter>
      <spirit:modelParameter spirit:dataType="integer">
        <spirit:name>C_S00_AXI_ADDR_WIDTH</spirit:name>
        <spirit:displayName>C S00 AXI ADDR WIDTH</spirit:displayName>
        <spirit:description>Width of S_AXI address bus</spirit:description>
        <spirit:value spirit:format="long" spirit:resolve="generated" spirit:id="MODELPARAM_VALUE.C_S00_AXI_ADDR_WIDTH" spirit:order="4" spirit:rangeType="long">4</spirit:value>
      </spirit:modelParameter>
    </spirit:modelParameters>
  </spirit:model>
  <spirit:choices>
    <spirit:choice>
      <spirit:name>choice_list_6fc15197</spirit:name>
      <spirit:enumeration>32</spirit:enumeration>
    </spirit:choice>
    <spirit:choice>
      <spirit:name>choice_list_9d8b0d81</spirit:name>
      <spirit:enumeration>ACTIVE_HIGH</spirit:enumeration>
      <spirit:enumeration>ACTIVE_LOW</spirit:enumeration>
    </spirit:choice>
    <spirit:choice>
      <spirit:name>choice_pairs_ce1226b1</spirit:name>
      <spirit:enumeration spirit:text="true">1</spirit:enumeration>
      <spirit:enumeration spirit:text="false">0</spirit:enumeration>
    </spirit:choice>
  </spirit:choices>
  <spirit:fileSets>
    <spirit:fileSet>
      <spirit:name>xilinx_vhdlsynthesis_view_fileset</spirit:name>
      <spirit:file>
        <spirit:name>src/LedMatrixCode.vhd</spirit:name>
        <spirit:fileType>vhdlSource</spirit:fileType>
      </spirit:file>
      <spirit:file>
        <spirit:name>hdl/NeopixelDriver_v1_0_S00_AXI.vhd</spirit:name>
        <spirit:fileType>vhdlSource</spirit:fileType>
      </spirit:file>
      <spirit:file>
        <spirit:name>hdl/NeopixelDriver_v1_0.vhd</spirit:name>
        <spirit:fileType>vhdlSource</spirit:fileType>
        <spirit:userFileType>CHECKSUM_341d16b1</spirit:userFileType>
      </spirit:file>
    </spirit:fileSet>
    <spirit:fileSet>
      <spirit:name>xilinx_vhdlbehavioralsimulation_view_fileset</spirit:name>
      <spirit:file>
        <spirit:name>src/LedMatrixCode.vhd</spirit:name>
        <spirit:fileType>vhdlSource</spirit:fileType>
      </spirit:file>
      <spirit:file>
        <spirit:name>hdl/NeopixelDriver_v1_0_S00_AXI.vhd</spirit:name>
        <spirit:fileType>vhdlSource</spirit:fileType>
      </spirit:file>
      <spirit:file>
        <spirit:name>hdl/NeopixelDriver_v1_0.vhd</spirit:name>
        <spirit:fileType>vhdlSource</spirit:fileType>
      </spirit:file>
    </spirit:fileSet>
    <spirit:fileSet>
      <spirit:name>xilinx_softwaredriver_view_fileset</spirit:name>
      <spirit:file>
        <spirit:name>drivers/NeopixelDriver_v1_0/data/NeopixelDriver.mdd</spirit:name>
        <spirit:userFileType>mdd</spirit:userFileType>
        <spirit:userFileType>driver_mdd</spirit:userFileType>
      </spirit:file>
      <spirit:file>
        <spirit:name>drivers/NeopixelDriver_v1_0/data/NeopixelDriver.tcl</spirit:name>
        <spirit:fileType>tclSource</spirit:fileType>
        <spirit:userFileType>driver_tcl</spirit:userFileType>
      </spirit:file>
      <spirit:file>
        <spirit:name>drivers/NeopixelDriver_v1_0/src/Makefile</spirit:name>
        <spirit:userFileType>driver_src</spirit:userFileType>
      </spirit:file>
      <spirit:file>
        <spirit:name>drivers/NeopixelDriver_v1_0/src/NeopixelDriver.h</spirit:name>
        <spirit:fileType>cSource</spirit:fileType>
        <spirit:userFileType>driver_src</spirit:userFileType>
      </spirit:file>
      <spirit:file>
        <spirit:name>drivers/NeopixelDriver_v1_0/src/NeopixelDriver.c</spirit:name>
        <spirit:fileType>cSource</spirit:fileType>
        <spirit:userFileType>driver_src</spirit:userFileType>
      </spirit:file>
      <spirit:file>
        <spirit:name>drivers/NeopixelDriver_v1_0/src/NeopixelDriver_selftest.c</spirit:name>
        <spirit:fileType>cSource</spirit:fileType>
        <spirit:userFileType>driver_src</spirit:userFileType>
      </spirit:file>
    </spirit:fileSet>
    <spirit:fileSet>
      <spirit:name>xilinx_xpgui_view_fileset</spirit:name>
      <spirit:file>
        <spirit:name>xgui/NeopixelDriver_v1_0.tcl</spirit:name>
        <spirit:fileType>tclSource</spirit:fileType>
        <spirit:userFileType>CHECKSUM_0e5443b4</spirit:userFileType>
        <spirit:userFileType>XGUI_VERSION_2</spirit:userFileType>
      </spirit:file>
    </spirit:fileSet>
    <spirit:fileSet>
      <spirit:name>bd_tcl_view_fileset</spirit:name>
      <spirit:file>
        <spirit:name>bd/bd.tcl</spirit:name>
        <spirit:fileType>tclSource</spirit:fileType>
      </spirit:file>
    </spirit:fileSet>
  </spirit:fileSets>
  <spirit:description>Driver voor neopixel array</spirit:description>
  <spirit:parameters>
    <spirit:parameter>
      <spirit:name>C_S00_AXI_DATA_WIDTH</spirit:name>
      <spirit:displayName>C S00 AXI DATA WIDTH</spirit:displayName>
      <spirit:description>Width of S_AXI data bus</spirit:description>
      <spirit:value spirit:format="long" spirit:resolve="user" spirit:id="PARAM_VALUE.C_S00_AXI_DATA_WIDTH" spirit:choiceRef="choice_list_6fc15197" spirit:order="3">32</spirit:value>
      <spirit:vendorExtensions>
        <xilinx:parameterInfo>
          <xilinx:enablement>
            <xilinx:isEnabled xilinx:id="PARAM_ENABLEMENT.C_S00_AXI_DATA_WIDTH">false</xilinx:isEnabled>
          </xilinx:enablement>
        </xilinx:parameterInfo>
      </spirit:vendorExtensions>
    </spirit:parameter>
    <spirit:parameter>
      <spirit:name>C_S00_AXI_ADDR_WIDTH</spirit:name>
      <spirit:displayName>C S00 AXI ADDR WIDTH</spirit:displayName>
      <spirit:description>Width of S_AXI address bus</spirit:description>
      <spirit:value spirit:format="long" spirit:resolve="user" spirit:id="PARAM_VALUE.C_S00_AXI_ADDR_WIDTH" spirit:order="4" spirit:rangeType="long">4</spirit:value>
      <spirit:vendorExtensions>
        <xilinx:parameterInfo>
          <xilinx:enablement>
            <xilinx:isEnabled xilinx:id="PARAM_ENABLEMENT.C_S00_AXI_ADDR_WIDTH">false</xilinx:isEnabled>
          </xilinx:enablement>
        </xilinx:parameterInfo>
      </spirit:vendorExtensions>
    </spirit:parameter>
    <spirit:parameter>
      <spirit:name>C_S00_AXI_BASEADDR</spirit:name>
      <spirit:displayName>C S00 AXI BASEADDR</spirit:displayName>
      <spirit:value spirit:format="bitString" spirit:resolve="user" spirit:id="PARAM_VALUE.C_S00_AXI_BASEADDR" spirit:order="5" spirit:bitStringLength="32">0xFFFFFFFF</spirit:value>
      <spirit:vendorExtensions>
        <xilinx:parameterInfo>
          <xilinx:enablement>
            <xilinx:isEnabled xilinx:id="PARAM_ENABLEMENT.C_S00_AXI_BASEADDR">false</xilinx:isEnabled>
          </xilinx:enablement>
        </xilinx:parameterInfo>
      </spirit:vendorExtensions>
    </spirit:parameter>
    <spirit:parameter>
      <spirit:name>C_S00_AXI_HIGHADDR</spirit:name>
      <spirit:displayName>C S00 AXI HIGHADDR</spirit:displayName>
      <spirit:value spirit:format="bitString" spirit:resolve="user" spirit:id="PARAM_VALUE.C_S00_AXI_HIGHADDR" spirit:order="6" spirit:bitStringLength="32">0x00000000</spirit:value>
      <spirit:vendorExtensions>
        <xilinx:parameterInfo>
          <xilinx:enablement>
            <xilinx:isEnabled xilinx:id="PARAM_ENABLEMENT.C_S00_AXI_HIGHADDR">false</xilinx:isEnabled>
          </xilinx:enablement>
        </xilinx:parameterInfo>
      </spirit:vendorExtensions>
    </spirit:parameter>
    <spirit:parameter>
      <spirit:name>Component_Name</spirit:name>
      <spirit:value spirit:resolve="user" spirit:id="PARAM_VALUE.Component_Name" spirit:order="1">NeopixelDriver_v1_0</spirit:value>
    </spirit:parameter>
  </spirit:parameters>
  <spirit:vendorExtensions>
    <xilinx:coreExtensions>
      <xilinx:supportedFamilies>
        <xilinx:family xilinx:lifeCycle="Pre-Production">zynq</xilinx:family>
      </xilinx:supportedFamilies>
      <xilinx:taxonomies>
        <xilinx:taxonomy>AXI_Peripheral</xilinx:taxonomy>
      </xilinx:taxonomies>
      <xilinx:displayName>NeopixelDriver_v1.0</xilinx:displayName>
      <xilinx:coreRevision>18</xilinx:coreRevision>
      <xilinx:coreCreationDateTime>2021-12-22T09:15:20Z</xilinx:coreCreationDateTime>
      <xilinx:tags>
        <xilinx:tag xilinx:name="ui.data.coregen.df@5845d8e7_ARCHIVE_LOCATION">c:/Xilinx/EOS/NeopixelDriverIP/NeopixelDriver_1.0</xilinx:tag>
        <xilinx:tag xilinx:name="ui.data.coregen.df@1b24a2d4_ARCHIVE_LOCATION">c:/Xilinx/EOS/NeopixelDriverIP/NeopixelDriver_1.0</xilinx:tag>
        <xilinx:tag xilinx:name="ui.data.coregen.df@5cec114b_ARCHIVE_LOCATION">c:/Xilinx/EOS/NeopixelDriverIP/NeopixelDriver_1.0</xilinx:tag>
        <xilinx:tag xilinx:name="ui.data.coregen.df@7fc3f6fd_ARCHIVE_LOCATION">c:/Xilinx/EOS/NeopixelDriverIP/NeopixelDriver_1.0</xilinx:tag>
        <xilinx:tag xilinx:name="ui.data.coregen.df@5c17ca00_ARCHIVE_LOCATION">c:/Xilinx/EOS/NeopixelDriverIP/NeopixelDriver_1.0</xilinx:tag>
        <xilinx:tag xilinx:name="ui.data.coregen.df@7321cdbf_ARCHIVE_LOCATION">c:/Xilinx/EOS/NeopixelDriverIP/NeopixelDriver_1.0</xilinx:tag>
        <xilinx:tag xilinx:name="ui.data.coregen.df@1bc49403_ARCHIVE_LOCATION">c:/Xilinx/EOS/NeopixelDriverIP/NeopixelDriver_1.0</xilinx:tag>
        <xilinx:tag xilinx:name="ui.data.coregen.df@613a863a_ARCHIVE_LOCATION">c:/Xilinx/EOS/NeopixelDriverIP/NeopixelDriver_1.0</xilinx:tag>
        <xilinx:tag xilinx:name="ui.data.coregen.df@14b66898_ARCHIVE_LOCATION">c:/Xilinx/EOS/NeopixelDriverIP/NeopixelDriver_1.0</xilinx:tag>
        <xilinx:tag xilinx:name="ui.data.coregen.df@43432aa2_ARCHIVE_LOCATION">c:/Xilinx/EOS/NeopixelDriverIP/NeopixelDriver_1.0</xilinx:tag>
        <xilinx:tag xilinx:name="ui.data.coregen.df@3103db69_ARCHIVE_LOCATION">c:/Xilinx/EOS/NeopixelDriverIP/NeopixelDriver_1.0</xilinx:tag>
        <xilinx:tag xilinx:name="ui.data.coregen.df@2ce2482b_ARCHIVE_LOCATION">c:/Xilinx/EOS/NeopixelDriverIP/NeopixelDriver_1.0</xilinx:tag>
        <xilinx:tag xilinx:name="ui.data.coregen.df@5269558a_ARCHIVE_LOCATION">c:/Xilinx/EOS/NeopixelDriverIP/NeopixelDriver_1.0</xilinx:tag>
        <xilinx:tag xilinx:name="ui.data.coregen.df@fe71b60_ARCHIVE_LOCATION">c:/Xilinx/EOS/NeopixelDriverIP/NeopixelDriver_1.0</xilinx:tag>
        <xilinx:tag xilinx:name="ui.data.coregen.df@78904f26_ARCHIVE_LOCATION">c:/Xilinx/EOS/NeopixelDriverIP/NeopixelDriver_1.0</xilinx:tag>
        <xilinx:tag xilinx:name="ui.data.coregen.df@2960478c_ARCHIVE_LOCATION">c:/Xilinx/EOS/NeopixelDriverIP/NeopixelDriver_1.0</xilinx:tag>
        <xilinx:tag xilinx:name="ui.data.coregen.df@7416a954_ARCHIVE_LOCATION">c:/Xilinx/EOS/NeopixelDriverIP/NeopixelDriver_1.0</xilinx:tag>
        <xilinx:tag xilinx:name="ui.data.coregen.df@552597f1_ARCHIVE_LOCATION">c:/Xilinx/EOS/NeopixelDriverIP/NeopixelDriver_1.0</xilinx:tag>
        <xilinx:tag xilinx:name="ui.data.coregen.df@244e5031_ARCHIVE_LOCATION">c:/Xilinx/EOS/NeopixelDriverIP/NeopixelDriver_1.0</xilinx:tag>
        <xilinx:tag xilinx:name="ui.data.coregen.df@12dbf8bc_ARCHIVE_LOCATION">c:/Xilinx/EOS/NeopixelDriverIP/NeopixelDriver_1.0</xilinx:tag>
        <xilinx:tag xilinx:name="ui.data.coregen.df@6d3dbbb9_ARCHIVE_LOCATION">c:/Xilinx/EOS/NeopixelDriverIP/NeopixelDriver_1.0</xilinx:tag>
        <xilinx:tag xilinx:name="ui.data.coregen.df@29ec7e73_ARCHIVE_LOCATION">c:/Xilinx/EOS/NeopixelDriverIP/NeopixelDriver_1.0</xilinx:tag>
        <xilinx:tag xilinx:name="ui.data.coregen.df@2e8ea853_ARCHIVE_LOCATION">c:/Xilinx/EOS/NeopixelDriverIP/NeopixelDriver_1.0</xilinx:tag>
        <xilinx:tag xilinx:name="ui.data.coregen.df@5b97668c_ARCHIVE_LOCATION">c:/Xilinx/EOS/NeopixelDriverIP/NeopixelDriver_1.0</xilinx:tag>
        <xilinx:tag xilinx:name="ui.data.coregen.df@387ee58c_ARCHIVE_LOCATION">c:/Xilinx/EOS/NeopixelDriverIP/NeopixelDriver_1.0</xilinx:tag>
        <xilinx:tag xilinx:name="ui.data.coregen.df@672153ee_ARCHIVE_LOCATION">c:/Xilinx/EOS/NeopixelDriverIP/NeopixelDriver_1.0</xilinx:tag>
        <xilinx:tag xilinx:name="ui.data.coregen.df@2eb7f29_ARCHIVE_LOCATION">c:/Xilinx/EOS/NeopixelDriverIP/NeopixelDriver_1.0</xilinx:tag>
        <xilinx:tag xilinx:name="ui.data.coregen.df@69b6213c_ARCHIVE_LOCATION">c:/Xilinx/EOS/NeopixelDriverIP/NeopixelDriver_1.0</xilinx:tag>
        <xilinx:tag xilinx:name="ui.data.coregen.df@2e8fcaed_ARCHIVE_LOCATION">c:/Xilinx/EOS/NeopixelDriverIP/NeopixelDriver_1.0</xilinx:tag>
        <xilinx:tag xilinx:name="ui.data.coregen.df@578004b5_ARCHIVE_LOCATION">c:/Xilinx/EOS/NeopixelDriverIP/NeopixelDriver_1.0</xilinx:tag>
        <xilinx:tag xilinx:name="ui.data.coregen.df@5aa94036_ARCHIVE_LOCATION">c:/Xilinx/EOS/NeopixelDriverIP/NeopixelDriver_1.0</xilinx:tag>
        <xilinx:tag xilinx:name="ui.data.coregen.df@a4f74ad_ARCHIVE_LOCATION">c:/Xilinx/EOS/NeopixelDriverIP/NeopixelDriver_1.0</xilinx:tag>
        <xilinx:tag xilinx:name="ui.data.coregen.df@7846ae7e_ARCHIVE_LOCATION">c:/Xilinx/EOS/NeopixelDriverIP/NeopixelDriver_1.0</xilinx:tag>
        <xilinx:tag xilinx:name="ui.data.coregen.df@4ad3be6f_ARCHIVE_LOCATION">c:/Xilinx/EOS/NeopixelDriverIP/NeopixelDriver_1.0</xilinx:tag>
        <xilinx:tag xilinx:name="ui.data.coregen.df@49e80ac1_ARCHIVE_LOCATION">c:/Xilinx/EOS/NeopixelDriverIP/NeopixelDriver_1.0</xilinx:tag>
        <xilinx:tag xilinx:name="ui.data.coregen.df@4d899bb7_ARCHIVE_LOCATION">c:/Xilinx/EOS/NeopixelDriverIP/NeopixelDriver_1.0</xilinx:tag>
        <xilinx:tag xilinx:name="ui.data.coregen.df@13200ae4_ARCHIVE_LOCATION">c:/Xilinx/EOS/NeopixelDriverIP/NeopixelDriver_1.0</xilinx:tag>
        <xilinx:tag xilinx:name="ui.data.coregen.df@5c7cb278_ARCHIVE_LOCATION">c:/Xilinx/EOS/NeopixelDriverIP/NeopixelDriver_1.0</xilinx:tag>
        <xilinx:tag xilinx:name="ui.data.coregen.df@1651f5e0_ARCHIVE_LOCATION">c:/Xilinx/EOS/NeopixelDriverIP/NeopixelDriver_1.0</xilinx:tag>
        <xilinx:tag xilinx:name="ui.data.coregen.df@77b451ff_ARCHIVE_LOCATION">c:/Xilinx/EOS/NeopixelDriverIP/NeopixelDriver_1.0</xilinx:tag>
        <xilinx:tag xilinx:name="ui.data.coregen.df@35496786_ARCHIVE_LOCATION">c:/Xilinx/EOS/NeopixelDriverIP/NeopixelDriver_1.0</xilinx:tag>
        <xilinx:tag xilinx:name="ui.data.coregen.df@32e92d96_ARCHIVE_LOCATION">c:/Xilinx/EOS/NeopixelDriverIP/NeopixelDriver_1.0</xilinx:tag>
        <xilinx:tag xilinx:name="ui.data.coregen.df@43e2ca63_ARCHIVE_LOCATION">c:/Xilinx/EOS/NeopixelDriverIP/NeopixelDriver_1.0</xilinx:tag>
        <xilinx:tag xilinx:name="ui.data.coregen.df@207cebb9_ARCHIVE_LOCATION">c:/Xilinx/EOS/NeopixelDriverIP/NeopixelDriver_1.0</xilinx:tag>
        <xilinx:tag xilinx:name="ui.data.coregen.df@1f14ff49_ARCHIVE_LOCATION">c:/Xilinx/EOS/NeopixelDriverIP/NeopixelDriver_1.0</xilinx:tag>
        <xilinx:tag xilinx:name="ui.data.coregen.df@41473d97_ARCHIVE_LOCATION">c:/Xilinx/EOS/NeopixelDriverIP/NeopixelDriver_1.0</xilinx:tag>
        <xilinx:tag xilinx:name="ui.data.coregen.df@19a0f75d_ARCHIVE_LOCATION">c:/Xilinx/EOS/NeopixelDriverIP/NeopixelDriver_1.0</xilinx:tag>
        <xilinx:tag xilinx:name="ui.data.coregen.df@1e575de3_ARCHIVE_LOCATION">c:/Xilinx/EOS/NeopixelDriverIP/NeopixelDriver_1.0</xilinx:tag>
        <xilinx:tag xilinx:name="ui.data.coregen.df@22768f19_ARCHIVE_LOCATION">c:/Xilinx/EOS/NeopixelDriverIP/NeopixelDriver_1.0</xilinx:tag>
        <xilinx:tag xilinx:name="ui.data.coregen.df@cee1a9a_ARCHIVE_LOCATION">c:/Xilinx/EOS/NeopixelDriverIP/NeopixelDriver_1.0</xilinx:tag>
        <xilinx:tag xilinx:name="ui.data.coregen.df@2918dd32_ARCHIVE_LOCATION">c:/Xilinx/EOS/NeopixelDriverIP/NeopixelDriver_1.0</xilinx:tag>
        <xilinx:tag xilinx:name="ui.data.coregen.df@51e0c499_ARCHIVE_LOCATION">c:/Xilinx/EOS/NeopixelDriverIP/NeopixelDriver_1.0</xilinx:tag>
        <xilinx:tag xilinx:name="ui.data.coregen.df@20f4eca2_ARCHIVE_LOCATION">c:/Xilinx/EOS/NeopixelDriverIP/NeopixelDriver_1.0</xilinx:tag>
        <xilinx:tag xilinx:name="ui.data.coregen.df@39ffe085_ARCHIVE_LOCATION">c:/Xilinx/EOS/NeopixelDriverIP/NeopixelDriver_1.0</xilinx:tag>
        <xilinx:tag xilinx:name="ui.data.coregen.df@71e0e7bd_ARCHIVE_LOCATION">c:/Xilinx/EOS/NeopixelDriverIP/NeopixelDriver_1.0</xilinx:tag>
        <xilinx:tag xilinx:name="ui.data.coregen.df@6ef6715a_ARCHIVE_LOCATION">c:/Xilinx/EOS/NeopixelDriverIP/NeopixelDriver_1.0</xilinx:tag>
        <xilinx:tag xilinx:name="ui.data.coregen.df@1c163bf8_ARCHIVE_LOCATION">c:/Xilinx/EOS/NeopixelDriverIP/NeopixelDriver_1.0</xilinx:tag>
        <xilinx:tag xilinx:name="ui.data.coregen.df@28943e9_ARCHIVE_LOCATION">c:/Xilinx/EOS/NeopixelDriverIP/NeopixelDriver_1.0</xilinx:tag>
        <xilinx:tag xilinx:name="ui.data.coregen.df@2a985009_ARCHIVE_LOCATION">c:/Xilinx/EOS/NeopixelDriverIP/NeopixelDriver_1.0</xilinx:tag>
        <xilinx:tag xilinx:name="ui.data.coregen.df@f7f10ef_ARCHIVE_LOCATION">c:/Xilinx/EOS/NeopixelDriverIP/NeopixelDriver_1.0</xilinx:tag>
        <xilinx:tag xilinx:name="ui.data.coregen.df@662cc421_ARCHIVE_LOCATION">c:/Xilinx/EOS/NeopixelDriverIP/NeopixelDriver_1.0</xilinx:tag>
        <xilinx:tag xilinx:name="ui.data.coregen.df@72291a2_ARCHIVE_LOCATION">c:/Xilinx/EOS/NeopixelDriverIP/NeopixelDriver_1.0</xilinx:tag>
        <xilinx:tag xilinx:name="ui.data.coregen.df@525c2f44_ARCHIVE_LOCATION">c:/Xilinx/EOS/NeopixelDriverIP/NeopixelDriver_1.0</xilinx:tag>
        <xilinx:tag xilinx:name="ui.data.coregen.df@4211eec8_ARCHIVE_LOCATION">c:/Xilinx/EOS/NeopixelDriverIP/NeopixelDriver_1.0</xilinx:tag>
        <xilinx:tag xilinx:name="ui.data.coregen.df@7512017f_ARCHIVE_LOCATION">c:/Xilinx/EOS/NeopixelDriverIP/NeopixelDriver_1.0</xilinx:tag>
        <xilinx:tag xilinx:name="ui.data.coregen.df@5ec7cfa8_ARCHIVE_LOCATION">c:/Xilinx/EOS/NeopixelDriverIP/NeopixelDriver_1.0</xilinx:tag>
        <xilinx:tag xilinx:name="ui.data.coregen.df@4c4a539e_ARCHIVE_LOCATION">c:/Xilinx/EOS/NeopixelDriverIP/NeopixelDriver_1.0</xilinx:tag>
        <xilinx:tag xilinx:name="ui.data.coregen.df@36fca681_ARCHIVE_LOCATION">c:/Xilinx/EOS/NeopixelDriverIP/NeopixelDriver_1.0</xilinx:tag>
        <xilinx:tag xilinx:name="ui.data.coregen.df@54e7e475_ARCHIVE_LOCATION">c:/Xilinx/EOS/NeopixelDriverIP/NeopixelDriver_1.0</xilinx:tag>
        <xilinx:tag xilinx:name="ui.data.coregen.df@30d11e4d_ARCHIVE_LOCATION">c:/Xilinx/EOS/NeopixelDriverIP/NeopixelDriver_1.0</xilinx:tag>
        <xilinx:tag xilinx:name="ui.data.coregen.df@6f32dd7f_ARCHIVE_LOCATION">c:/Xilinx/EOS/NeopixelDriverIP/NeopixelDriver_1.0</xilinx:tag>
        <xilinx:tag xilinx:name="ui.data.coregen.df@45734533_ARCHIVE_LOCATION">c:/Xilinx/EOS/NeopixelDriverIP/NeopixelDriver_1.0</xilinx:tag>
        <xilinx:tag xilinx:name="ui.data.coregen.df@31bcb94c_ARCHIVE_LOCATION">c:/Xilinx/EOS/NeopixelDriverIP/NeopixelDriver_1.0</xilinx:tag>
        <xilinx:tag xilinx:name="ui.data.coregen.df@4cefc188_ARCHIVE_LOCATION">c:/Xilinx/EOS/NeopixelDriverIP/NeopixelDriver_1.0</xilinx:tag>
        <xilinx:tag xilinx:name="ui.data.coregen.df@204b047_ARCHIVE_LOCATION">c:/Xilinx/EOS/NeopixelDriverIP/NeopixelDriver_1.0</xilinx:tag>
        <xilinx:tag xilinx:name="ui.data.coregen.df@14774ca_ARCHIVE_LOCATION">c:/Xilinx/EOS/NeopixelDriverIP/NeopixelDriver_1.0</xilinx:tag>
        <xilinx:tag xilinx:name="ui.data.coregen.df@3a9345f_ARCHIVE_LOCATION">c:/Xilinx/EOS/NeopixelDriverIP/NeopixelDriver_1.0</xilinx:tag>
        <xilinx:tag xilinx:name="ui.data.coregen.df@16c17794_ARCHIVE_LOCATION">c:/Xilinx/EOS/NeopixelDriverIP/NeopixelDriver_1.0</xilinx:tag>
        <xilinx:tag xilinx:name="ui.data.coregen.df@5067d8d1_ARCHIVE_LOCATION">c:/Xilinx/EOS/NeopixelDriverIP/NeopixelDriver_1.0</xilinx:tag>
        <xilinx:tag xilinx:name="ui.data.coregen.df@37888a3c_ARCHIVE_LOCATION">c:/Xilinx/EOS/NeopixelDriverIP/NeopixelDriver_1.0</xilinx:tag>
        <xilinx:tag xilinx:name="ui.data.coregen.df@72f3cfa0_ARCHIVE_LOCATION">c:/Xilinx/EOS/NeopixelDriverIP/NeopixelDriver_1.0</xilinx:tag>
        <xilinx:tag xilinx:name="ui.data.coregen.df@7d454e8b_ARCHIVE_LOCATION">c:/Xilinx/EOS/NeopixelDriverIP/NeopixelDriver_1.0</xilinx:tag>
        <xilinx:tag xilinx:name="ui.data.coregen.df@7c3c6773_ARCHIVE_LOCATION">c:/Xilinx/EOS/NeopixelDriverIP/NeopixelDriver_1.0</xilinx:tag>
        <xilinx:tag xilinx:name="ui.data.coregen.df@4845adc5_ARCHIVE_LOCATION">c:/Xilinx/EOS/NeopixelDriverIP/NeopixelDriver_1.0</xilinx:tag>
        <xilinx:tag xilinx:name="ui.data.coregen.df@36de2755_ARCHIVE_LOCATION">c:/Xilinx/EOS/NeopixelDriverIP/NeopixelDriver_1.0</xilinx:tag>
        <xilinx:tag xilinx:name="ui.data.coregen.df@72bd645_ARCHIVE_LOCATION">c:/Xilinx/EOS/NeopixelDriverIP/NeopixelDriver_1.0</xilinx:tag>
        <xilinx:tag xilinx:name="ui.data.coregen.df@1ca0a936_ARCHIVE_LOCATION">c:/Xilinx/EOS/NeopixelDriverIP/NeopixelDriver_1.0</xilinx:tag>
        <xilinx:tag xilinx:name="ui.data.coregen.df@4fa581a1_ARCHIVE_LOCATION">c:/Xilinx/EOS/NeopixelDriverIP/NeopixelDriver_1.0</xilinx:tag>
        <xilinx:tag xilinx:name="ui.data.coregen.df@40bfce55_ARCHIVE_LOCATION">c:/Xilinx/EOS/NeopixelDriverIP/NeopixelDriver_1.0</xilinx:tag>
        <xilinx:tag xilinx:name="ui.data.coregen.df@7efe9688_ARCHIVE_LOCATION">c:/Xilinx/EOS/NeopixelDriverIP/NeopixelDriver_1.0</xilinx:tag>
        <xilinx:tag xilinx:name="ui.data.coregen.df@69fae377_ARCHIVE_LOCATION">c:/Xilinx/EOS/NeopixelDriverIP/NeopixelDriver_1.0</xilinx:tag>
        <xilinx:tag xilinx:name="ui.data.coregen.df@4f620ee_ARCHIVE_LOCATION">c:/Xilinx/EOS/NeopixelDriverIP/NeopixelDriver_1.0</xilinx:tag>
        <xilinx:tag xilinx:name="ui.data.coregen.df@6b8f2f3e_ARCHIVE_LOCATION">c:/Xilinx/EOS/NeopixelDriverIP/NeopixelDriver_1.0</xilinx:tag>
        <xilinx:tag xilinx:name="ui.data.coregen.df@57cb4898_ARCHIVE_LOCATION">c:/Xilinx/EOS/NeopixelDriverIP/NeopixelDriver_1.0</xilinx:tag>
        <xilinx:tag xilinx:name="ui.data.coregen.df@61798d01_ARCHIVE_LOCATION">c:/Xilinx/EOS/NeopixelDriverIP/NeopixelDriver_1.0</xilinx:tag>
        <xilinx:tag xilinx:name="ui.data.coregen.df@6f6fb7bc_ARCHIVE_LOCATION">c:/Xilinx/EOS/NeopixelDriverIP/NeopixelDriver_1.0</xilinx:tag>
        <xilinx:tag xilinx:name="ui.data.coregen.df@7df69a6_ARCHIVE_LOCATION">c:/Xilinx/EOS/NeopixelDriverIP/NeopixelDriver_1.0</xilinx:tag>
        <xilinx:tag xilinx:name="ui.data.coregen.df@2d026c6_ARCHIVE_LOCATION">c:/Xilinx/EOS/NeopixelDriverIP/NeopixelDriver_1.0</xilinx:tag>
        <xilinx:tag xilinx:name="ui.data.coregen.df@fc1fe31_ARCHIVE_LOCATION">c:/Xilinx/EOS/NeopixelDriverIP/NeopixelDriver_1.0</xilinx:tag>
        <xilinx:tag xilinx:name="ui.data.coregen.df@722fecb6_ARCHIVE_LOCATION">c:/Xilinx/EOS/NeopixelDriverIP/NeopixelDriver_1.0</xilinx:tag>
        <xilinx:tag xilinx:name="ui.data.coregen.df@4256e56e_ARCHIVE_LOCATION">c:/Xilinx/EOS/NeopixelDriverIP/NeopixelDriver_1.0</xilinx:tag>
        <xilinx:tag xilinx:name="ui.data.coregen.df@770e41c3_ARCHIVE_LOCATION">c:/Xilinx/EOS/NeopixelDriverIP/NeopixelDriver_1.0</xilinx:tag>
        <xilinx:tag xilinx:name="ui.data.coregen.df@598f67b0_ARCHIVE_LOCATION">c:/Xilinx/EOS/NeopixelDriverIP/NeopixelDriver_1.0</xilinx:tag>
        <xilinx:tag xilinx:name="ui.data.coregen.df@26b18354_ARCHIVE_LOCATION">c:/Xilinx/EOS/NeopixelDriverIP/NeopixelDriver_1.0</xilinx:tag>
        <xilinx:tag xilinx:name="ui.data.coregen.df@3f12d62d_ARCHIVE_LOCATION">c:/Xilinx/EOS/NeopixelDriverIP/NeopixelDriver_1.0</xilinx:tag>
        <xilinx:tag xilinx:name="ui.data.coregen.df@58e683c4_ARCHIVE_LOCATION">c:/Xilinx/EOS/NeopixelDriverIP/NeopixelDriver_1.0</xilinx:tag>
        <xilinx:tag xilinx:name="ui.data.coregen.df@5779d7ed_ARCHIVE_LOCATION">c:/Xilinx/EOS/NeopixelDriverIP/NeopixelDriver_1.0</xilinx:tag>
        <xilinx:tag xilinx:name="ui.data.coregen.df@117563a1_ARCHIVE_LOCATION">c:/Xilinx/EOS/NeopixelDriverIP/NeopixelDriver_1.0</xilinx:tag>
        <xilinx:tag xilinx:name="ui.data.coregen.df@2dd1010d_ARCHIVE_LOCATION">c:/Xilinx/EOS/NeopixelDriverIP/NeopixelDriver_1.0</xilinx:tag>
        <xilinx:tag xilinx:name="ui.data.coregen.df@278ef237_ARCHIVE_LOCATION">c:/Xilinx/EOS/NeopixelDriverIP/NeopixelDriver_1.0</xilinx:tag>
        <xilinx:tag xilinx:name="ui.data.coregen.df@3607cb29_ARCHIVE_LOCATION">c:/Xilinx/EOS/NeopixelDriverIP/NeopixelDriver_1.0</xilinx:tag>
        <xilinx:tag xilinx:name="ui.data.coregen.df@3c061a98_ARCHIVE_LOCATION">c:/Xilinx/EOS/NeopixelDriverIP/NeopixelDriver_1.0</xilinx:tag>
        <xilinx:tag xilinx:name="ui.data.coregen.df@7b843a08_ARCHIVE_LOCATION">c:/Xilinx/EOS/NeopixelDriverIP/NeopixelDriver_1.0</xilinx:tag>
        <xilinx:tag xilinx:name="ui.data.coregen.df@df8857b_ARCHIVE_LOCATION">c:/Xilinx/EOS/NeopixelDriverIP/NeopixelDriver_1.0</xilinx:tag>
        <xilinx:tag xilinx:name="ui.data.coregen.df@79f30091_ARCHIVE_LOCATION">c:/Xilinx/EOS/NeopixelDriverIP/NeopixelDriver_1.0</xilinx:tag>
        <xilinx:tag xilinx:name="ui.data.coregen.df@b73087e_ARCHIVE_LOCATION">c:/Xilinx/EOS/NeopixelDriverIP/NeopixelDriver_1.0</xilinx:tag>
        <xilinx:tag xilinx:name="ui.data.coregen.df@4ccbf4a1_ARCHIVE_LOCATION">c:/Xilinx/EOS/NeopixelDriverIP/NeopixelDriver_1.0</xilinx:tag>
        <xilinx:tag xilinx:name="ui.data.coregen.df@2fcad940_ARCHIVE_LOCATION">c:/Xilinx/EOS/NeopixelDriverIP/NeopixelDriver_1.0</xilinx:tag>
        <xilinx:tag xilinx:name="ui.data.coregen.df@46a16662_ARCHIVE_LOCATION">c:/Xilinx/EOS/NeopixelDriverIP/NeopixelDriver_1.0</xilinx:tag>
        <xilinx:tag xilinx:name="ui.data.coregen.df@3b0a4920_ARCHIVE_LOCATION">c:/Xilinx/EOS/NeopixelDriverIP/NeopixelDriver_1.0</xilinx:tag>
        <xilinx:tag xilinx:name="ui.data.coregen.df@14f064b8_ARCHIVE_LOCATION">c:/Xilinx/EOS/NeopixelDriverIP/NeopixelDriver_1.0</xilinx:tag>
        <xilinx:tag xilinx:name="ui.data.coregen.df@13cef652_ARCHIVE_LOCATION">c:/Xilinx/EOS/NeopixelDriverIP/NeopixelDriver_1.0</xilinx:tag>
        <xilinx:tag xilinx:name="ui.data.coregen.df@1bb9639_ARCHIVE_LOCATION">c:/Xilinx/EOS/NeopixelDriverIP/NeopixelDriver_1.0</xilinx:tag>
        <xilinx:tag xilinx:name="ui.data.coregen.df@32be018d_ARCHIVE_LOCATION">c:/Xilinx/EOS/NeopixelDriverIP/NeopixelDriver_1.0</xilinx:tag>
        <xilinx:tag xilinx:name="ui.data.coregen.df@46b04f3b_ARCHIVE_LOCATION">c:/Xilinx/EOS/NeopixelDriverIP/NeopixelDriver_1.0</xilinx:tag>
        <xilinx:tag xilinx:name="ui.data.coregen.df@2eef4eb6_ARCHIVE_LOCATION">c:/Xilinx/EOS/NeopixelDriverIP/NeopixelDriver_1.0</xilinx:tag>
        <xilinx:tag xilinx:name="ui.data.coregen.df@7b91e21a_ARCHIVE_LOCATION">c:/Xilinx/EOS/NeopixelDriverIP/NeopixelDriver_1.0</xilinx:tag>
        <xilinx:tag xilinx:name="ui.data.coregen.df@6821aa48_ARCHIVE_LOCATION">c:/Xilinx/EOS/NeopixelDriverIP/NeopixelDriver_1.0</xilinx:tag>
        <xilinx:tag xilinx:name="ui.data.coregen.df@16bb42e8_ARCHIVE_LOCATION">c:/Xilinx/EOS/NeopixelDriverIP/NeopixelDriver_1.0</xilinx:tag>
        <xilinx:tag xilinx:name="ui.data.coregen.df@2730d775_ARCHIVE_LOCATION">c:/Xilinx/EOS/NeopixelDriverIP/NeopixelDriver_1.0</xilinx:tag>
        <xilinx:tag xilinx:name="ui.data.coregen.df@3a0ab6ce_ARCHIVE_LOCATION">c:/Xilinx/EOS/NeopixelDriverIP/NeopixelDriver_1.0</xilinx:tag>
        <xilinx:tag xilinx:name="ui.data.coregen.df@c3869f7_ARCHIVE_LOCATION">c:/Xilinx/EOS/NeopixelDriverIP/NeopixelDriver_1.0</xilinx:tag>
        <xilinx:tag xilinx:name="ui.data.coregen.df@3638751f_ARCHIVE_LOCATION">c:/Xilinx/EOS/NeopixelDriverIP/NeopixelDriver_1.0</xilinx:tag>
        <xilinx:tag xilinx:name="ui.data.coregen.df@32b70f42_ARCHIVE_LOCATION">c:/Xilinx/EOS/NeopixelDriverIP/NeopixelDriver_1.0</xilinx:tag>
        <xilinx:tag xilinx:name="ui.data.coregen.df@72b66ec1_ARCHIVE_LOCATION">c:/Xilinx/EOS/NeopixelDriverIP/NeopixelDriver_1.0</xilinx:tag>
        <xilinx:tag xilinx:name="ui.data.coregen.df@3cff9225_ARCHIVE_LOCATION">c:/Xilinx/EOS/NeopixelDriverIP/NeopixelDriver_1.0</xilinx:tag>
        <xilinx:tag xilinx:name="ui.data.coregen.df@14c4eefb_ARCHIVE_LOCATION">c:/Xilinx/EOS/NeopixelDriverIP/NeopixelDriver_1.0</xilinx:tag>
        <xilinx:tag xilinx:name="ui.data.coregen.df@71ce9a5a_ARCHIVE_LOCATION">c:/Xilinx/EOS/NeopixelDriverIP/NeopixelDriver_1.0</xilinx:tag>
        <xilinx:tag xilinx:name="ui.data.coregen.df@227f7d40_ARCHIVE_LOCATION">c:/Xilinx/EOS/NeopixelDriverIP/NeopixelDriver_1.0</xilinx:tag>
        <xilinx:tag xilinx:name="ui.data.coregen.df@1a5f665c_ARCHIVE_LOCATION">c:/Xilinx/EOS/NeopixelDriverIP/NeopixelDriver_1.0</xilinx:tag>
        <xilinx:tag xilinx:name="ui.data.coregen.df@11fc5a46_ARCHIVE_LOCATION">c:/Xilinx/EOS/NeopixelDriverIP/NeopixelDriver_1.0</xilinx:tag>
        <xilinx:tag xilinx:name="ui.data.coregen.df@500a02a1_ARCHIVE_LOCATION">c:/Xilinx/EOS/NeopixelDriverIP/NeopixelDriver_1.0</xilinx:tag>
        <xilinx:tag xilinx:name="ui.data.coregen.df@2c259bfb_ARCHIVE_LOCATION">c:/Xilinx/EOS/NeopixelDriverIP/NeopixelDriver_1.0</xilinx:tag>
        <xilinx:tag xilinx:name="ui.data.coregen.df@1105e1ea_ARCHIVE_LOCATION">c:/Xilinx/EOS/NeopixelDriverIP/NeopixelDriver_1.0</xilinx:tag>
        <xilinx:tag xilinx:name="ui.data.coregen.df@52e13393_ARCHIVE_LOCATION">c:/Xilinx/EOS/NeopixelDriverIP/NeopixelDriver_1.0</xilinx:tag>
        <xilinx:tag xilinx:name="ui.data.coregen.df@2040962e_ARCHIVE_LOCATION">c:/Xilinx/EOS/NeopixelDriverIP/NeopixelDriver_1.0</xilinx:tag>
        <xilinx:tag xilinx:name="ui.data.coregen.df@43a16b7d_ARCHIVE_LOCATION">c:/Xilinx/EOS/NeopixelDriverIP/NeopixelDriver_1.0</xilinx:tag>
        <xilinx:tag xilinx:name="ui.data.coregen.df@6955f1bf_ARCHIVE_LOCATION">c:/Xilinx/EOS/NeopixelDriverIP/NeopixelDriver_1.0</xilinx:tag>
        <xilinx:tag xilinx:name="ui.data.coregen.df@69a9a0a1_ARCHIVE_LOCATION">c:/Xilinx/EOS/NeopixelDriverIP/NeopixelDriver_1.0</xilinx:tag>
        <xilinx:tag xilinx:name="ui.data.coregen.df@293f0ee0_ARCHIVE_LOCATION">c:/Xilinx/EOS/NeopixelDriverIP/NeopixelDriver_1.0</xilinx:tag>
        <xilinx:tag xilinx:name="ui.data.coregen.df@2df4758c_ARCHIVE_LOCATION">c:/Xilinx/EOS/NeopixelDriverIP/NeopixelDriver_1.0</xilinx:tag>
        <xilinx:tag xilinx:name="ui.data.coregen.df@6ba628f6_ARCHIVE_LOCATION">c:/Xilinx/EOS/NeopixelDriverIP/NeopixelDriver_1.0</xilinx:tag>
        <xilinx:tag xilinx:name="ui.data.coregen.df@73aa40a0_ARCHIVE_LOCATION">c:/Xilinx/EOS/NeopixelDriverIP/NeopixelDriver_1.0</xilinx:tag>
        <xilinx:tag xilinx:name="ui.data.coregen.df@4ecbb32d_ARCHIVE_LOCATION">c:/Xilinx/EOS/NeopixelDriverIP/NeopixelDriver_1.0</xilinx:tag>
        <xilinx:tag xilinx:name="ui.data.coregen.df@5c64fad4_ARCHIVE_LOCATION">c:/Xilinx/EOS/NeopixelDriverIP/NeopixelDriver_1.0</xilinx:tag>
        <xilinx:tag xilinx:name="ui.data.coregen.df@5aa0c876_ARCHIVE_LOCATION">c:/Xilinx/EOS/NeopixelDriverIP/NeopixelDriver_1.0</xilinx:tag>
        <xilinx:tag xilinx:name="ui.data.coregen.df@42c15dd0_ARCHIVE_LOCATION">c:/Xilinx/EOS/NeopixelDriverIP/NeopixelDriver_1.0</xilinx:tag>
        <xilinx:tag xilinx:name="ui.data.coregen.df@33ed9146_ARCHIVE_LOCATION">c:/Xilinx/EOS/NeopixelDriverIP/NeopixelDriver_1.0</xilinx:tag>
        <xilinx:tag xilinx:name="ui.data.coregen.df@2fc721a6_ARCHIVE_LOCATION">c:/Xilinx/EOS/NeopixelDriverIP/NeopixelDriver_1.0</xilinx:tag>
        <xilinx:tag xilinx:name="ui.data.coregen.df@bb55d71_ARCHIVE_LOCATION">c:/Xilinx/EOS/NeopixelDriverIP/NeopixelDriver_1.0</xilinx:tag>
        <xilinx:tag xilinx:name="ui.data.coregen.df@1fe0c20b_ARCHIVE_LOCATION">c:/Xilinx/EOS/NeopixelDriverIP/NeopixelDriver_1.0</xilinx:tag>
        <xilinx:tag xilinx:name="ui.data.coregen.df@1a8309a8_ARCHIVE_LOCATION">c:/Xilinx/EOS/NeopixelDriverIP/NeopixelDriver_1.0</xilinx:tag>
        <xilinx:tag xilinx:name="ui.data.coregen.df@61897452_ARCHIVE_LOCATION">c:/Xilinx/EOS/NeopixelDriverIP/NeopixelDriver_1.0</xilinx:tag>
        <xilinx:tag xilinx:name="ui.data.coregen.df@23c95a22_ARCHIVE_LOCATION">c:/Xilinx/EOS/NeopixelDriverIP/NeopixelDriver_1.0</xilinx:tag>
        <xilinx:tag xilinx:name="ui.data.coregen.df@78b85154_ARCHIVE_LOCATION">c:/Xilinx/EOS/NeopixelDriverIP/NeopixelDriver_1.0</xilinx:tag>
        <xilinx:tag xilinx:name="ui.data.coregen.df@510aafe8_ARCHIVE_LOCATION">c:/Xilinx/EOS/NeopixelDriverIP/NeopixelDriver_1.0</xilinx:tag>
        <xilinx:tag xilinx:name="ui.data.coregen.df@6e21197f_ARCHIVE_LOCATION">c:/Xilinx/EOS/NeopixelDriverIP/NeopixelDriver_1.0</xilinx:tag>
        <xilinx:tag xilinx:name="ui.data.coregen.df@6a4f7b38_ARCHIVE_LOCATION">c:/Xilinx/EOS/NeopixelDriverIP/NeopixelDriver_1.0</xilinx:tag>
        <xilinx:tag xilinx:name="ui.data.coregen.df@631000f4_ARCHIVE_LOCATION">c:/Xilinx/EOS/NeopixelDriverIP/NeopixelDriver_1.0</xilinx:tag>
        <xilinx:tag xilinx:name="ui.data.coregen.df@1e8d3164_ARCHIVE_LOCATION">c:/Xilinx/EOS/NeopixelDriverIP/NeopixelDriver_1.0</xilinx:tag>
        <xilinx:tag xilinx:name="ui.data.coregen.df@59805e25_ARCHIVE_LOCATION">c:/Xilinx/EOS/NeopixelDriverIP/NeopixelDriver_1.0</xilinx:tag>
        <xilinx:tag xilinx:name="ui.data.coregen.df@4580a211_ARCHIVE_LOCATION">c:/Xilinx/EOS/NeopixelDriverIP/NeopixelDriver_1.0</xilinx:tag>
        <xilinx:tag xilinx:name="ui.data.coregen.df@9d21030_ARCHIVE_LOCATION">c:/Xilinx/EOS/NeopixelDriverIP/NeopixelDriver_1.0</xilinx:tag>
        <xilinx:tag xilinx:name="ui.data.coregen.df@215f5e4_ARCHIVE_LOCATION">c:/Xilinx/EOS/NeopixelDriverIP/NeopixelDriver_1.0</xilinx:tag>
        <xilinx:tag xilinx:name="ui.data.coregen.df@2ba5b191_ARCHIVE_LOCATION">c:/Xilinx/EOS/NeopixelDriverIP/NeopixelDriver_1.0</xilinx:tag>
        <xilinx:tag xilinx:name="ui.data.coregen.df@696fd0e9_ARCHIVE_LOCATION">c:/Xilinx/EOS/NeopixelDriverIP/NeopixelDriver_1.0</xilinx:tag>
        <xilinx:tag xilinx:name="ui.data.coregen.df@251eb556_ARCHIVE_LOCATION">c:/Xilinx/EOS/NeopixelDriverIP/NeopixelDriver_1.0</xilinx:tag>
        <xilinx:tag xilinx:name="ui.data.coregen.df@d1ecc4c_ARCHIVE_LOCATION">c:/Xilinx/EOS/NeopixelDriverIP/NeopixelDriver_1.0</xilinx:tag>
        <xilinx:tag xilinx:name="ui.data.coregen.df@3936e919_ARCHIVE_LOCATION">c:/Xilinx/EOS/NeopixelDriverIP/NeopixelDriver_1.0</xilinx:tag>
        <xilinx:tag xilinx:name="ui.data.coregen.df@5dd317a3_ARCHIVE_LOCATION">c:/Xilinx/EOS/NeopixelDriverIP/NeopixelDriver_1.0</xilinx:tag>
        <xilinx:tag xilinx:name="ui.data.coregen.df@1c893df8_ARCHIVE_LOCATION">c:/Xilinx/EOS/NeopixelDriverIP/NeopixelDriver_1.0</xilinx:tag>
        <xilinx:tag xilinx:name="ui.data.coregen.df@79f8360e_ARCHIVE_LOCATION">c:/Xilinx/EOS/NeopixelDriverIP/NeopixelDriver_1.0</xilinx:tag>
        <xilinx:tag xilinx:name="ui.data.coregen.df@6c5e6049_ARCHIVE_LOCATION">c:/Xilinx/EOS/NeopixelDriverIP/NeopixelDriver_1.0</xilinx:tag>
        <xilinx:tag xilinx:name="ui.data.coregen.df@2e884e41_ARCHIVE_LOCATION">c:/Xilinx/EOS/NeopixelDriverIP/NeopixelDriver_1.0</xilinx:tag>
        <xilinx:tag xilinx:name="ui.data.coregen.df@439fd315_ARCHIVE_LOCATION">c:/Xilinx/EOS/NeopixelDriverIP/NeopixelDriver_1.0</xilinx:tag>
        <xilinx:tag xilinx:name="ui.data.coregen.df@2865b0f9_ARCHIVE_LOCATION">c:/Xilinx/EOS/NeopixelDriverIP/NeopixelDriver_1.0</xilinx:tag>
        <xilinx:tag xilinx:name="ui.data.coregen.df@398f5859_ARCHIVE_LOCATION">c:/Xilinx/EOS/NeopixelDriverIP/NeopixelDriver_1.0</xilinx:tag>
        <xilinx:tag xilinx:name="ui.data.coregen.df@d0cd2d0_ARCHIVE_LOCATION">c:/Xilinx/EOS/NeopixelDriverIP/NeopixelDriver_1.0</xilinx:tag>
        <xilinx:tag xilinx:name="ui.data.coregen.df@12ac59b0_ARCHIVE_LOCATION">c:/Xilinx/EOS/NeopixelDriverIP/NeopixelDriver_1.0</xilinx:tag>
        <xilinx:tag xilinx:name="ui.data.coregen.df@265fbfd9_ARCHIVE_LOCATION">c:/Xilinx/EOS/NeopixelDriverIP/NeopixelDriver_1.0</xilinx:tag>
        <xilinx:tag xilinx:name="ui.data.coregen.df@52b34e6c_ARCHIVE_LOCATION">c:/Xilinx/EOS/NeopixelDriverIP/NeopixelDriver_1.0</xilinx:tag>
        <xilinx:tag xilinx:name="ui.data.coregen.df@2d1aa896_ARCHIVE_LOCATION">c:/Xilinx/EOS/NeopixelDriverIP/NeopixelDriver_1.0</xilinx:tag>
        <xilinx:tag xilinx:name="ui.data.coregen.df@1ff20568_ARCHIVE_LOCATION">c:/Xilinx/EOS/NeopixelDriverIP/NeopixelDriver_1.0</xilinx:tag>
        <xilinx:tag xilinx:name="ui.data.coregen.df@432e7aa_ARCHIVE_LOCATION">c:/Xilinx/EOS/NeopixelDriverIP/NeopixelDriver_1.0</xilinx:tag>
        <xilinx:tag xilinx:name="ui.data.coregen.df@78ebf4e7_ARCHIVE_LOCATION">c:/Xilinx/EOS/NeopixelDriverIP/NeopixelDriver_1.0</xilinx:tag>
        <xilinx:tag xilinx:name="ui.data.coregen.df@62edd433_ARCHIVE_LOCATION">c:/Xilinx/EOS/NeopixelDriverIP/NeopixelDriver_1.0</xilinx:tag>
        <xilinx:tag xilinx:name="ui.data.coregen.df@741fc435_ARCHIVE_LOCATION">c:/Xilinx/EOS/NeopixelDriverIP/NeopixelDriver_1.0</xilinx:tag>
        <xilinx:tag xilinx:name="ui.data.coregen.df@3b108e09_ARCHIVE_LOCATION">c:/Xilinx/EOS/NeopixelDriverIP/NeopixelDriver_1.0</xilinx:tag>
        <xilinx:tag xilinx:name="ui.data.coregen.df@6ea4a33a_ARCHIVE_LOCATION">c:/Xilinx/EOS/NeopixelDriverIP/NeopixelDriver_1.0</xilinx:tag>
        <xilinx:tag xilinx:name="ui.data.coregen.df@28a504cf_ARCHIVE_LOCATION">c:/Xilinx/EOS/NeopixelDriverIP/NeopixelDriver_1.0</xilinx:tag>
        <xilinx:tag xilinx:name="ui.data.coregen.df@1c729289_ARCHIVE_LOCATION">c:/Xilinx/EOS/NeopixelDriverIP/NeopixelDriver_1.0</xilinx:tag>
        <xilinx:tag xilinx:name="ui.data.coregen.df@71fdce3_ARCHIVE_LOCATION">c:/Xilinx/EOS/NeopixelDriverIP/NeopixelDriver_1.0</xilinx:tag>
        <xilinx:tag xilinx:name="ui.data.coregen.df@1a4ea081_ARCHIVE_LOCATION">c:/Xilinx/EOS/NeopixelDriverIP/NeopixelDriver_1.0</xilinx:tag>
        <xilinx:tag xilinx:name="ui.data.coregen.df@caa8aa_ARCHIVE_LOCATION">c:/Xilinx/EOS/NeopixelDriverIP/NeopixelDriver_1.0</xilinx:tag>
        <xilinx:tag xilinx:name="ui.data.coregen.df@176e26cf_ARCHIVE_LOCATION">c:/Xilinx/EOS/NeopixelDriverIP/NeopixelDriver_1.0</xilinx:tag>
        <xilinx:tag xilinx:name="ui.data.coregen.df@4daf90a0_ARCHIVE_LOCATION">c:/Xilinx/EOS/NeopixelDriverIP/NeopixelDriver_1.0</xilinx:tag>
        <xilinx:tag xilinx:name="ui.data.coregen.df@20fa582c_ARCHIVE_LOCATION">c:/Xilinx/EOS/NeopixelDriverIP/NeopixelDriver_1.0</xilinx:tag>
        <xilinx:tag xilinx:name="ui.data.coregen.df@785ba19_ARCHIVE_LOCATION">c:/Xilinx/EOS/NeopixelDriverIP/NeopixelDriver_1.0</xilinx:tag>
        <xilinx:tag xilinx:name="ui.data.coregen.df@c8a5102_ARCHIVE_LOCATION">c:/Xilinx/EOS/NeopixelDriverIP/NeopixelDriver_1.0</xilinx:tag>
        <xilinx:tag xilinx:name="ui.data.coregen.df@3306dd68_ARCHIVE_LOCATION">c:/Xilinx/EOS/NeopixelDriverIP/NeopixelDriver_1.0</xilinx:tag>
        <xilinx:tag xilinx:name="ui.data.coregen.df@66cce0d0_ARCHIVE_LOCATION">c:/Xilinx/EOS/NeopixelDriverIP/NeopixelDriver_1.0</xilinx:tag>
        <xilinx:tag xilinx:name="ui.data.coregen.df@3ca05faf_ARCHIVE_LOCATION">c:/Xilinx/EOS/NeopixelDriverIP/NeopixelDriver_1.0</xilinx:tag>
        <xilinx:tag xilinx:name="ui.data.coregen.df@540e27ed_ARCHIVE_LOCATION">c:/Xilinx/EOS/NeopixelDriverIP/NeopixelDriver_1.0</xilinx:tag>
        <xilinx:tag xilinx:name="ui.data.coregen.df@aecf5fc_ARCHIVE_LOCATION">c:/Xilinx/EOS/NeopixelDriverIP/NeopixelDriver_1.0</xilinx:tag>
        <xilinx:tag xilinx:name="ui.data.coregen.df@16da1bcf_ARCHIVE_LOCATION">c:/Xilinx/EOS/NeopixelDriverIP/NeopixelDriver_1.0</xilinx:tag>
        <xilinx:tag xilinx:name="ui.data.coregen.df@614121eb_ARCHIVE_LOCATION">c:/Xilinx/EOS/NeopixelDriverIP/NeopixelDriver_1.0</xilinx:tag>
        <xilinx:tag xilinx:name="ui.data.coregen.df@1d26722e_ARCHIVE_LOCATION">c:/Xilinx/EOS/NeopixelDriverIP/NeopixelDriver_1.0</xilinx:tag>
        <xilinx:tag xilinx:name="ui.data.coregen.df@7868a29_ARCHIVE_LOCATION">c:/Xilinx/EOS/NeopixelDriverIP/NeopixelDriver_1.0</xilinx:tag>
        <xilinx:tag xilinx:name="ui.data.coregen.df@70671ef1_ARCHIVE_LOCATION">c:/Xilinx/EOS/NeopixelDriverIP/NeopixelDriver_1.0</xilinx:tag>
        <xilinx:tag xilinx:name="ui.data.coregen.df@71c6a75_ARCHIVE_LOCATION">c:/Xilinx/EOS/NeopixelDriverIP/NeopixelDriver_1.0</xilinx:tag>
        <xilinx:tag xilinx:name="ui.data.coregen.df@20df8d13_ARCHIVE_LOCATION">c:/Xilinx/EOS/NeopixelDriverIP/NeopixelDriver_1.0</xilinx:tag>
        <xilinx:tag xilinx:name="ui.data.coregen.df@3c2b4706_ARCHIVE_LOCATION">c:/Xilinx/EOS/NeopixelDriverIP/NeopixelDriver_1.0</xilinx:tag>
        <xilinx:tag xilinx:name="ui.data.coregen.df@799457be_ARCHIVE_LOCATION">c:/Xilinx/EOS/NeopixelDriverIP/NeopixelDriver_1.0</xilinx:tag>
        <xilinx:tag xilinx:name="ui.data.coregen.df@50cda08_ARCHIVE_LOCATION">c:/Xilinx/EOS/NeopixelDriverIP/NeopixelDriver_1.0</xilinx:tag>
        <xilinx:tag xilinx:name="ui.data.coregen.df@509e3331_ARCHIVE_LOCATION">c:/Xilinx/EOS/NeopixelDriverIP/NeopixelDriver_1.0</xilinx:tag>
        <xilinx:tag xilinx:name="ui.data.coregen.df@6e3c7044_ARCHIVE_LOCATION">c:/Xilinx/EOS/NeopixelDriverIP/NeopixelDriver_1.0</xilinx:tag>
        <xilinx:tag xilinx:name="ui.data.coregen.df@b07121a_ARCHIVE_LOCATION">c:/Xilinx/EOS/NeopixelDriverIP/NeopixelDriver_1.0</xilinx:tag>
        <xilinx:tag xilinx:name="ui.data.coregen.df@edb165f_ARCHIVE_LOCATION">c:/Xilinx/EOS/NeopixelDriverIP/NeopixelDriver_1.0</xilinx:tag>
        <xilinx:tag xilinx:name="ui.data.coregen.df@45864768_ARCHIVE_LOCATION">c:/Xilinx/EOS/NeopixelDriverIP/NeopixelDriver_1.0</xilinx:tag>
        <xilinx:tag xilinx:name="ui.data.coregen.df@4aae159d_ARCHIVE_LOCATION">c:/Xilinx/EOS/NeopixelDriverIP/NeopixelDriver_1.0</xilinx:tag>
      </xilinx:tags>
    </xilinx:coreExtensions>
    <xilinx:packagingInfo>
      <xilinx:xilinxVersion>2021.1</xilinx:xilinxVersion>
      <xilinx:checksum xilinx:scope="busInterfaces" xilinx:value="7a63f3fc"/>
      <xilinx:checksum xilinx:scope="memoryMaps" xilinx:value="ed1368d5"/>
      <xilinx:checksum xilinx:scope="fileGroups" xilinx:value="409894c6"/>
      <xilinx:checksum xilinx:scope="ports" xilinx:value="7d96ce61"/>
      <xilinx:checksum xilinx:scope="hdlParameters" xilinx:value="6992ea72"/>
      <xilinx:checksum xilinx:scope="parameters" xilinx:value="fd7443bb"/>
    </xilinx:packagingInfo>
  </spirit:vendorExtensions>
</spirit:component>
