{
  "version": "2021.1",
  "applications": [],
  "platforms": [
    {
      "name": "NeoPixelV10"
    },
    {
      "name": "Pmod_I2S2_V1"
    }
  ],
  "systems": [
    {
      "name": "AudioTest_system",
      "platform": "C:/Xilinx/EOS/project_flappy_screem/Flappy_SCREEEM/Project_flappy_screem/Vitis/Pmod_I2S2_V1/export/Pmod_I2S2_V1/Pmod_I2S2_V1.xpfm",
      "sysConfig": "Pmod_I2S2_V1",
      "buildConfig": "Debug",
      "applications": [
        {
          "name": "AudioTest",
          "platform": "C:/Xilinx/EOS/project_flappy_screem/Flappy_SCREEEM/Project_flappy_screem/Vitis/Pmod_I2S2_V1/export/Pmod_I2S2_V1/Pmod_I2S2_V1.xpfm",
          "platformPath": "C:\\Xilinx\\EOS\\project_flappy_screem\\Flappy_SCREEEM\\Project_flappy_screem\\Vitis\\Pmod_I2S2_V1\\export\\Pmod_I2S2_V1",
          "sysConfig": "Pmod_I2S2_V1",
          "domain": "freertos10_xilinx_domain",
          "system": "AudioTest_system"
        }
      ],
      "platformPath": "C:\\Xilinx\\EOS\\project_flappy_screem\\Flappy_SCREEEM\\Project_flappy_screem\\Vitis\\Pmod_I2S2_V1\\export\\Pmod_I2S2_V1"
    },
    {
      "name": "Led_matrix_V10_system",
      "platform": "C:/Xilinx/EOS/project_flappy_screem/Flappy_SCREEEM/Project_flappy_screem/Vitis/NeoPixelV10/export/NeoPixelV10/NeoPixelV10.xpfm",
      "sysConfig": "NeoPixelV10",
      "buildConfig": "Debug",
      "applications": [
        {
          "name": "Led_matrix_V10",
          "platform": "C:/Xilinx/EOS/project_flappy_screem/Flappy_SCREEEM/Project_flappy_screem/Vitis/NeoPixelV10/export/NeoPixelV10/NeoPixelV10.xpfm",
          "platformPath": "C:\\Xilinx\\EOS\\project_flappy_screem\\Flappy_SCREEEM\\Project_flappy_screem\\Vitis\\NeoPixelV10\\export\\NeoPixelV10",
          "sysConfig": "NeoPixelV10",
          "domain": "freertos10_xilinx_domain",
          "system": "Led_matrix_V10_system"
        }
      ],
      "platformPath": "C:\\Xilinx\\EOS\\project_flappy_screem\\Flappy_SCREEEM\\Project_flappy_screem\\Vitis\\NeoPixelV10\\export\\NeoPixelV10"
    },
    {
      "name": "Led_matrix_V11_cpp_system",
      "platform": "C:/Xilinx/EOS/project_flappy_screem/Flappy_SCREEEM/Project_flappy_screem/Vitis/NeoPixelV10/export/NeoPixelV10/NeoPixelV10.xpfm",
      "sysConfig": "NeoPixelV10",
      "buildConfig": "Debug",
      "applications": [
        {
          "name": "Led_matrix_V11_cpp",
          "platform": "C:/Xilinx/EOS/project_flappy_screem/Flappy_SCREEEM/Project_flappy_screem/Vitis/NeoPixelV10/export/NeoPixelV10/NeoPixelV10.xpfm",
          "platformPath": "C:\\Xilinx\\EOS\\project_flappy_screem\\Flappy_SCREEEM\\Project_flappy_screem\\Vitis\\NeoPixelV10\\export\\NeoPixelV10",
          "sysConfig": "NeoPixelV10",
          "domain": "freertos10_xilinx_domain",
          "system": "Led_matrix_V11_cpp_system"
        }
      ],
      "platformPath": "C:\\Xilinx\\EOS\\project_flappy_screem\\Flappy_SCREEEM\\Project_flappy_screem\\Vitis\\NeoPixelV10\\export\\NeoPixelV10"
    }
  ],
  "others": []
}